,country,area,pop,growth,birth,death,migr,maternal,infant,life,fert,health,HIVrate,HIVpeople,HIVdeath,obesity,underweight,educ,unemploymentYouth,GDP,GDPgrowth,GDPcapita,saving,indProd,labor,unemployment,family,tax,budget,debt,inflation,discount,lending,narrow,broad,credit,shares,balance,exports,imports,gold,externalDebt,homeStock,abroadStock,elecProd,elecCons,elecExp,elecImp,elecCap,elecFossil,elecNuc,elecHydro,elecRenew,oilProd,oilExp,oilImp,oilRes,petroProd,petroCons,petroExp,petroImp,gasProd,gasCons,gasExp,gasImp,gasRes,mainlines,cell,netHosts,netUsers,airports,railways,roadways,waterways,marine,military
1,Afghanistan,652230,31822848,2.29,38.84,14.12,-1.83,460,117.23,50.49,5.43,9.6,0.1,4300,300,2.2,32.9,NA,NA,4.53E+10,3.1,1100,NA,NA,7512000,35,NA,11.3,-8.7,NA,6.8,NA,15.15,6.12E+09,6.50E+09,-819600000,NA,-743900000,3.76E+08,6.39E+09,5.98E+09,1.28E+09,NA,NA,986100000,2.49E+09,0,1.57E+09,489100,23.5,0,76.5,0,1950,0,0,NA,0,4229,0,36250,1.40E+08,1.40E+08,0,0,4.96E+10,13500,1.80E+07,223,1.00E+06,52,NA,42150,1200,NA,NA
3,Albania,28748,3020209,0.3,12.73,6.47,-3.31,27,13.19,77.96,1.5,6.3,NA,NA,NA,21.3,6.3,3.3,22.5,2.83E+10,0.7,10700,14.1,3.1,1098000,16.9,34.5,24,-6.1,70.5,1.7,4,10.28,2.79E+09,6.54E+09,5.17E+09,NA,-1.28E+09,2.32E+09,4.84E+09,2.83E+09,3.21E+09,4.23E+09,NA,6.99E+09,4.55E+09,1.42E+09,2.32E+09,1726000,5.6,0,94.4,0,23930,23320,0,172400000,3121,38390,68,22810,0,0,0,0,849500000,312000,3500000,15528,1300000,4,339,18000,41,17,1.47
4,Algeria,2381741,38813722,1.88,23.99,4.31,-0.93,97,21.76,76.39,2.78,3.9,0.1,18000,1000,16,3.7,4.3,28.4,2.85E+11,3.1,7500,45.5,2.5,11150000,10.3,35.3,37.3,-2.3,13.2,3.9,4,8,9.29E+10,1.40E+11,-4.34E+09,NA,6.70E+09,6.83E+10,5.50E+10,1.93E+11,5.28E+09,2.50E+10,2.43E+09,4.63E+10,3.37E+10,8.03E+08,7.36E+08,11330000,97.5,0,2.5,0,1875000,1097000,6400,1.22E+10,571400,316400,471900,17270,8.28E+10,2.88E+10,5.20E+10,0,4.50E+12,3200000,37692000,676,4700000,157,3973,113655,NA,38,4.48
5,American Samoa,199,54517,-0.35,22.87,4.68,-21.64,NA,8.92,74.91,2.98,NA,NA,NA,NA,74.6,NA,NA,NA,575300000,3,8000,NA,NA,17630,29.8,NA,33.6,-6.1,NA,NA,NA,NA,NA,NA,NA,NA,NA,445600000,308800000,NA,NA,NA,NA,1.55E+08,147900000,0,0,60000,100,0,0,0,0,0,0,0,0,5115,0,2003,0,0,0,0,0,10000,NA,2387,NA,3,NA,241,NA,NA,NA
6,Andorra,468,85458,0.17,8.48,6.82,0,NA,3.69,82.65,1.38,7.2,NA,NA,NA,25.2,NA,NA,NA,3.16E+09,-1.6,37200,NA,NA,36060,4,NA,21.4,-0.3,41.1,1.1,NA,NA,NA,NA,NA,NA,NA,7.00E+07,1.43E+09,NA,NA,NA,NA,91240000,562400000,0,0,520000,61.3,0,23.3,NA,NA,NA,NA,NA,NA,NA,NA,NA,NA,NA,NA,NA,NA,39000,65000,28383,67100,NA,NA,320,NA,NA,NA
7,Angola,1246700,19088106,2.78,38.97,11.67,0.47,450,79.99,55.29,5.43,3.5,2.3,248800,12600,6.4,15.6,3.5,NA,1.32E+11,5.6,6300,19.1,5.5,9018000,NA,NA,42.5,3.4,14.7,8.9,30,16.81,1.70E+10,5.07E+10,NA,NA,1.07E+10,7.08E+10,2.61E+10,3.79E+10,2.27E+10,1.72E+10,1.29E+10,5.12E+09,4.59E+09,0,0,1155000,56.9,0,43.1,0,1872000,1928000,0,1.05E+10,38760,79430,17750,55740,7.52E+08,7.33E+08,0,0,3.66E+11,303000,9800000,20703,606700,176,2764,51429,1300,7,3.63
8,Anguilla,91,16086,2.06,12.68,4.54,12.43,NA,3.4,81.2,1.75,NA,NA,NA,NA,NA,NA,2.8,NA,175400000,-8.5,12200,NA,2,6049,8,NA,39.6,-5,20,3.1,6.5,9.38,16890000,384400000,498100000,NA,-54300000,12200000,140100000,NA,8800000,NA,NA,NA,NA,NA,NA,NA,NA,NA,NA,NA,NA,NA,NA,NA,NA,NA,NA,NA,NA,NA,NA,NA,NA,6000,26000,269,3700,2,NA,175,NA,NA,NA
10,Antigua and Barbuda,443,91295,1.25,15.94,5.7,2.23,NA,13.29,76.12,2.03,5.9,NA,NA,NA,25.6,NA,2.4,19.9,1.61E+09,1.7,18400,18,1,30000,11,NA,19.6,-0.8,89,3,6.5,10.13,2.13E+08,1.04E+09,1.11E+09,NA,-164800000,5.50E+07,340800000,NA,441200000,NA,NA,1.15E+08,1.07E+08,0,0,27000,100,0,0,0,0,0,0,0,0,5000,240,4790,0,0,0,0,0,35000,179800,11532,65000,3,NA,1170,NA,1257,NA
11,Argentina,2780400,43024374,0.95,16.88,7.34,0,77,9.96,77.51,2.25,8.1,0.4,97900,3700,29.7,2.3,6.3,18.3,7.71E+11,3.5,18600,24.6,2.7,17320000,7.5,45.8,26.8,-3.2,45.8,20.8,NA,14.06,7.03E+10,1.45E+11,1.58E+11,4.36E+10,-2.37E+09,8.51E+10,7.13E+10,3.37E+10,1.12E+11,1.16E+11,3.42E+10,1.19E+11,1.11E+11,1.70E+09,1.03E+10,32870000,66.2,3.1,27.6,0.2,723200,90920,0,2.81E+09,622200,678100,94500,76550,3.88E+10,4.33E+10,2.00E+08,7.57E+09,3.33E+11,1.00E+07,58600000,11232000,13694000,1138,36966,231374,11000,36,0.91
12,Armenia,29743,3060631,-0.13,13.92,9.3,-5.88,30,13.97,74.12,1.64,4.3,0.2,3500,200,24,5.3,3.3,39.2,2.06E+10,4.6,6300,16.2,3.9,1394000,17.3,30.9,25.6,-0.3,37.7,6.2,7.25,17.23,1.42E+09,2.05E+09,4.36E+09,139600000,-720600000,1.65E+09,3.46E+09,1.86E+09,7.84E+09,NA,NA,7.43E+09,5.80E+09,1.36E+09,2.46E+08,3472000,55.6,10.8,33.5,0.1,0,0,0,0,0,45300,32,46550,0,2.10E+09,0,2.10E+09,0,584000,3223000,194142,208200,11,869,7705,NA,NA,3.92
13,Aruba,180,110663,1.36,12.65,8.09,9.04,NA,11.74,76.35,1.84,NA,NA,NA,NA,NA,NA,6,23.2,2.52E+09,2.4,25300,NA,NA,51610,6.9,NA,24.8,-7.5,67,-2,3,8.4,1.02E+09,1.91E+09,1.59E+09,NA,NA,2.22E+09,3.16E+09,NA,533400000,NA,NA,9.80E+08,911400000,0,0,266000,88.7,0,0,11.3,2811,0,228800,0,234200,5661,234200,6725,1,1,1,1,0,43000,135000,40560,24000,1,NA,NA,NA,NA,NA
15,Australia,7741220,22507617,1.09,12.19,7.07,5.74,7,4.43,82.07,1.77,9,0.1,20000,100,26.8,0.2,5.6,11.7,9.98E+11,2.5,43000,24.4,3.2,12440000,5.7,30.3,33.2,-1.3,32.6,2.4,4.35,6.98,5.27E+11,1.66E+12,2.22E+12,1.20E+12,-4.49E+10,2.52E+11,2.46E+11,4.88E+10,1.51E+12,6.62E+11,4.40E+11,2.26E+11,2.14E+11,0,0,59130000,78.7,0,13.6,5.1,519100,314100,475900,1.43E+09,675200,1023000,70810,304100,4.82E+10,3.34E+10,3.03E+10,1.09E+10,1.22E+12,10470000,24400000,17081000,15810000,480,38445,823217,2000,41,1.71
16,Austria,83871,8223062,0.01,8.76,10.38,1.76,4,4.16,80.17,1.43,10.6,0.3,15000,100,20.9,NA,5.9,8.3,3.61E+11,0.4,42600,23.9,0.5,3737000,4.9,26.3,47.9,-2.9,75.7,2.1,NA,2.5,2.05E+11,4.19E+11,5.44E+11,8.24E+10,1.06E+10,1.66E+11,1.68E+11,2.72E+10,8.12E+11,2.70E+11,3.45E+11,6.90E+10,6.38E+10,2.05E+10,2.33E+10,21110000,27.5,0,59.6,12.8,29480,0,139000,8.50E+07,159200,210700,43010,117100,1.91E+09,9.00E+09,3.48E+10,4.26E+10,1.08E+10,3342000,13590000,3512000,6143000,52,6399,124508,358,3,0.81
17,Azerbaijan,86600,9686210,0.99,16.96,7.09,0,43,26.67,71.91,1.91,5.2,0.2,10400,600,23.8,8.4,2.4,14.2,1.03E+11,5.8,10800,41,3,4680000,6,33.7,36.3,0.5,7.5,2.4,5.25,18.5,1.72E+10,2.19E+10,2.18E+10,NA,1.33E+10,3.45E+10,1.07E+10,1.31E+10,9.55E+09,1.44E+10,8.62E+09,2.30E+10,2.03E+10,4.62E+08,1.00E+08,6392000,84.5,0,15.4,0.1,931900,821000,0,7.00E+09,133500,168000,53440,499,1.79E+10,9.92E+09,5.55E+09,2.50E+08,9.91E+11,1734000,10125000,46856,2420000,37,2918,52942,NA,90,5.2
18,"Bahamas, The",13880,321834,0.87,15.65,7,0,47,12.5,71.93,1.97,7.7,3.3,7000,300,34.7,NA,NA,30.8,1.14E+10,1.9,32000,14.3,1.5,196900,16.2,NA,16.8,-8.2,NA,1,4.5,4.75,1.44E+09,6.33E+09,9.20E+09,NA,-1.37E+09,9.60E+08,3.25E+09,8.30E+08,1.76E+10,NA,NA,1.93E+09,1.80E+09,0,0,493000,100,0,0,0,0,0,0,0,0,36300,41770,64600,0,0,0,0,0,137000,254000,20661,115800,61,NA,2700,NA,1160,NA
19,Bahrain,760,1314089,2.49,13.92,2.67,13.6,20,9.68,78.58,1.81,3.8,0.2,600,200,32.9,NA,2.6,5,3.50E+10,4.4,29800,27.6,4.7,716500,15,NA,28.7,-3.8,61.2,3.1,NA,6.05,7.43E+09,2.39E+10,2.60E+10,1.72E+10,1.91E+09,2.07E+10,1.44E+10,5.93E+09,2.88E+10,1.78E+10,1.09E+10,1.32E+10,1.30E+10,0,2.14E+08,3169000,100,0,0,0,49160,152600,256000,124600000,270800,51450,226000,0,1.26E+10,1.28E+10,0,0,9.20E+10,290000,2125000,47727,419500,4,NA,4122,NA,8,3.14
20,Bangladesh,143998,166280712,1.6,21.61,5.64,-0.02,240,45.67,70.65,2.45,3.7,0.1,8000,400,1.1,36.8,2.2,9.3,3.25E+11,5.8,2100,28.3,9,78620000,5,32.1,12.3,-4.9,30.9,7.6,5,13,1.71E+10,8.56E+10,9.34E+10,1.75E+10,3.54E+09,2.69E+10,3.29E+10,1.57E+10,3.07E+10,7.04E+09,110100000,4.01E+10,3.89E+10,0,5.00E+05,10260000,97.7,0,2.3,0,5452,0,23620,2.80E+07,22710,108900,3288,84490,2.01E+10,1.99E+10,0,0,1.84E+11,962000,97180000,71164,617300,18,2622,21269,8370,62,1.35
21,Barbados,430,289680,0.33,11.97,8.41,-0.3,51,10.93,74.99,1.68,7.7,0.9,1500,NA,34.7,NA,5.6,26.2,7.00E+09,-0.8,25100,9,-0.7,141800,11.4,NA,27,-7,90.5,2.1,7,8.7,1.75E+09,4.23E+09,5.04E+09,NA,-276600000,1.05E+09,1.67E+09,712600000,4.49E+09,NA,NA,1.00E+09,9.86E+08,0,0,239000,100,0,0,0,1001,765,0,2260000,31,8339,0,8736,2.00E+07,2.00E+07,0,0,113300000,144000,347000,1524,188000,1,NA,1600,NA,109,NA
22,Belarus,207600,9608058,-0.19,10.86,13.51,0.78,4,3.64,72.15,1.47,5.3,0.4,23200,1200,24.3,1.3,5.1,12.6,1.50E+11,2.1,16100,24.8,1,5.00E+06,1,27.2,38.5,-0.2,31.5,19,13.5,19.49,NA,9.07E+09,2.27E+10,NA,-4.25E+09,4.21E+10,4.52E+10,4.51E+09,1.20E+09,NA,NA,3.28E+10,3.17E+10,5.07E+09,7.77E+09,8032000,99.7,0,0.2,0.1,32070,0,294800,1.98E+08,346000,188800,224200,43240,2.20E+08,2.18E+10,0,2.10E+10,2.83E+09,4407000,10675000,295217,2643000,65,5537,86392,2500,NA,1.2
23,Belgium,30528,10449361,0.05,9.99,10.76,1.22,8,4.18,79.92,1.65,10.6,0.2,14000,100,22.1,NA,6.6,19.8,4.22E+11,0.1,37800,19.2,0.2,5150000,8.8,28,47.7,-3.2,102.4,1.3,1.5,3.62,1.85E+11,5.92E+11,5.81E+11,NA,-9.10E+09,2.95E+11,3.10E+11,3.08E+10,1.42E+12,1.20E+12,1.22E+12,8.34E+10,8.47E+10,6.91E+09,1.69E+10,18320000,43.6,32.3,0.6,16.3,10530,0,667700,0,720000,644400,442800,355100,0,1.35E+10,2.12E+10,3.89E+10,0,4631000,12880000,5192000,8113000,41,3233,154012,2043,87,1.05
24,Belize,22966,340844,1.92,25.14,5.95,0,53,20.31,68.49,3.02,5.7,1.4,3100,100,33.7,6.2,6.6,19.5,3.08E+09,2.5,8800,31.2,-1,120500,15.5,NA,25.1,3.5,75.1,1.3,12,12.4,5.73E+08,1.30E+09,1.05E+09,NA,-3.20E+07,6.33E+08,8.64E+08,2.73E+08,1.05E+09,NA,NA,524200000,6.30E+08,0,1.71E+08,178100,51.1,0,32,16.9,3239,4345,0,6700000,0,7044,0,3493,0,0,0,0,0,25400,164200,3392,36000,47,NA,2870,825,247,NA
25,Benin,112622,10160556,2.81,36.51,8.39,0,350,57.09,61.07,5.04,4.6,1.1,71500,3100,6,20.2,5.3,0.8,1.67E+10,5,1600,9.9,3.7,3662000,NA,36.5,20.5,-1.3,29.7,2.4,4.25,NA,1.89E+09,3.06E+09,1.51E+09,NA,-699300000,1.11E+09,1.84E+09,720300000,1.24E+09,NA,NA,142100000,870100000,0,9.35E+08,61000,98.4,0,1.6,0,0,0,0,8.00E+06,0,29170,0,34840,0,0,0,0,1.13E+09,156700,8408000,491,200100,6,438,16000,150,NA,1.03
26,Bermuda,54,69839,0.52,11.35,8.06,1.92,NA,2.48,81.04,1.95,NA,0.3,163,392,NA,NA,2.6,10.8,5.60E+09,-3.5,86000,NA,1,37400,8,NA,17.4,-2.5,NA,1.8,NA,NA,NA,NA,NA,1.44E+09,NA,1.30E+07,9.25E+08,NA,1.40E+09,NA,NA,6.75E+08,638400000,0,0,165000,98.2,0,0,1.8,0,0,0,0,0,2747,0,2747,0,0,0,0,0,69000,91000,20040,54000,1,NA,447,NA,139,NA
27,Bhutan,38394,733643,1.13,18.12,6.78,0,180,37.89,68.98,2.02,4.1,0.2,1100,100,5.3,12.8,4.7,7.2,5.24E+09,5.8,7000,29.6,7,336400,2.1,38.7,27.6,-2.4,38.9,11,NA,14,224900000,1.10E+09,9.15E+08,283400000,401500000,721800000,1.28E+09,NA,1.28E+09,63500000,NA,7.23E+09,1.68E+09,5.40E+09,2.00E+07,1505000,1.1,0,98.9,0,0,0,0,0,0,1719,0,1998,0,0,0,0,0,27000,560000,14590,50000,2,NA,8050,NA,NA,NA
28,Bolivia,1098581,10631486,1.6,23.28,6.59,-0.69,190,38.61,68.55,2.8,4.9,0.3,15900,1300,17.9,4.5,6.9,6.2,5.91E+10,6.8,5500,25.7,5.6,4922000,7.4,47,48.8,0.1,36,6.5,4,10.6,8.43E+09,2.02E+10,1.25E+10,7.69E+09,1.01E+09,1.22E+10,9.28E+09,1.44E+10,5.27E+09,1.06E+10,0,7.38E+09,6.94E+09,0,0,1365000,63.6,0,34.9,1.5,51200,61,0,209800000,40000,55560,0,15560,5.44E+10,9.43E+09,4.49E+10,0,2.82E+11,880600,9494000,180988,1103000,855,3652,80488,10000,18,1.47
29,Bosnia and Herzegovina,51197,3871643,-0.11,8.89,9.64,-0.38,8,5.84,76.33,1.26,10.2,0.1,900,100,26.5,1.5,NA,62.8,3.22E+10,0.8,8300,8.6,11.7,1490000,44.3,36.2,40.8,1,45.9,0.2,NA,6.8,4.49E+09,1.08E+10,1.10E+10,NA,-939500000,5.69E+09,1.03E+10,5.00E+09,1.11E+10,7.72E+09,NA,1.29E+10,1.26E+10,1.57E+09,1.25E+09,3963000,43.3,0,53.2,3.5,0,0,22140,0,22430,27540,10460,16330,0,256900000,0,256900000,0,878000,3350000,155252,1422000,24,601,22926,NA,NA,1.35
30,Botswana,581730,2155784,1.26,21.34,13.32,4.62,160,9.38,54.06,2.37,5.1,23,337700,5700,11.2,11.2,9.5,13.6,3.40E+10,3.9,16400,33.7,7.2,1308000,17.8,63,32.4,0.6,17.9,6.1,10,11,1.52E+09,8.29E+09,1.38E+09,4.11E+09,1.38E+09,7.57E+09,7.39E+09,7.93E+09,2.42E+09,NA,NA,429600000,3.12E+09,0,2.99E+09,132000,100,0,0,0,0,0,0,0,0,15420,0,19360,0,0,0,0,0,160500,3082000,1806,120000,74,888,17916,NA,NA,2.31
32,Brazil,8514877,202656788,0.8,14.72,6.54,-0.15,56,19.21,73.28,1.79,8.9,NA,NA,NA,18.8,2.2,5.8,15.4,2.42E+12,2.3,12100,14.8,3,107300000,5.7,51.9,38.9,1.6,59.2,6.2,11,36.64,1.58E+11,8.71E+11,2.44E+12,1.23E+12,-7.76E+10,2.45E+11,2.41E+11,3.78E+11,4.76E+11,6.63E+11,1.80E+11,5.31E+11,4.56E+11,2.54E+09,3.84E+10,113700000,19.6,1.8,71,7.7,2652000,619100,343600,1.32E+10,2108000,2594000,158400,457400,1.70E+10,2.52E+10,4.00E+08,1.33E+10,3.96E+11,44300000,248324000,26577000,75982000,4093,28538,1580964,50000,109,1.47
34,British Virgin Islands,151,32680,2.36,10.83,4.93,17.69,NA,13.45,78.29,1.25,NA,NA,NA,NA,NA,NA,4.4,NA,5.00E+08,1.3,42300,NA,3,12770,8.7,NA,27.4,0,NA,1.6,NA,NA,NA,NA,NA,NA,362600000,2.60E+07,3.10E+08,NA,36100000,NA,NA,5.00E+07,46500000,0,0,44000,100,0,0,0,0,0,0,0,0,1000,0,773,0,0,0,0,0,12268,48700,505,4000,4,NA,200,NA,NA,NA
35,Brunei,5765,422675,1.65,17.49,3.47,2.47,24,10.48,76.77,1.82,2.5,0.1,200,200,7.5,NA,3.5,NA,2.23E+10,1.4,54800,NA,1.5,205800,2.6,NA,42.2,9.8,NA,1,NA,5.5,3.47E+09,1.19E+10,2.85E+09,NA,3.98E+09,1.28E+10,3.02E+09,NA,0,NA,NA,3.72E+09,3.39E+09,0,0,759000,100,0,0,0,141000,147900,0,1.10E+09,13500,14640,0,3198,1.24E+10,2.97E+09,9.42E+09,0,3.91E+11,70933,469700,49457,314900,1,NA,3029,209,9,2.43
36,Bulgaria,110879,6924716,-0.83,8.92,14.3,-2.89,11,15.08,74.33,1.44,7.6,0.1,3800,200,23.7,1.6,4.1,28.1,1.05E+11,0.5,14400,23.5,1,2551000,11.6,45.3,35,-2.4,18.4,1.5,0.22,9.72,1.76E+10,4.58E+10,3.76E+10,8.25E+09,-182300000,2.79E+10,3.29E+10,2.07E+10,3.79E+10,5.42E+10,1.94E+09,4.34E+10,3.05E+10,1.21E+10,1.45E+09,10010000,45.7,19,21.8,4.8,3384,0,124700,1.50E+07,128500,112700,73740,50130,4.10E+08,2.54E+09,0,2.64E+09,5.66E+09,2253000,10780000,976277,3395000,68,4152,19512,470,22,1.46
37,Burkina Faso,274200,18365123,3.05,42.42,11.96,0,300,76.8,54.78,5.93,6.5,1,114500,5500,2.3,26.2,3.4,3.8,2.65E+10,6.5,1500,12.2,6.5,6668000,77,39.5,23.4,-3.2,NA,2.1,4.25,NA,2.22E+09,4.21E+09,2.71E+09,NA,-364900000,2.84E+09,2.94E+09,1.12E+09,2.86E+09,NA,NA,6.70E+08,773100000,0,1.50E+08,252000,87.3,0,12.7,0,0,0,0,0,0,9960,0,11660,0,0,0,0,0,141400,9980000,1795,178100,23,622,15272,NA,NA,1.39
38,Burma,676578,55746253,1.03,18.65,8.01,-0.3,200,44.91,65.94,2.18,2,0.6,195700,11600,4,22.6,0.8,NA,1.11E+11,6.8,1700,11.9,11.4,34310000,5.2,NA,4.1,-3.4,NA,5.7,12,13,1.22E+10,NA,1.44E+10,NA,-2.60E+09,9.04E+09,1.01E+10,8.28E+09,5.38E+09,NA,NA,7.35E+09,6.09E+09,0,0,1713000,53.3,0,46.7,0,20830,0,0,5.00E+07,18920,40620,0,4855,1.19E+10,3.24E+09,8.57E+09,0,2.83E+11,556000,5440000,1055,110000,64,5031,34377,12800,29,NA
39,Burundi,27830,10395931,3.28,42.33,9.54,0,800,63.44,59.55,6.14,8.7,1.3,89500,4800,2.9,29.1,5.8,NA,5.75E+09,4.5,600,-0.9,4.5,4245000,NA,42.4,28.7,-3.3,47.6,9.3,10,14.32,339400000,471100000,597200000,NA,-492500000,122800000,867200000,314600000,677200000,NA,NA,1.52E+08,221400000,0,8.00E+07,52000,1.9,0,98.1,0,0,0,0,0,0,2290,0,1429,0,0,0,0,0,17400,2247000,229,157800,7,NA,12322,NA,NA,2.39
40,Cabo Verde,4033,538535,1.39,20.72,6.17,-0.64,79,24.28,71.57,2.34,4.8,0.2,800,NA,10,NA,5,NA,2.22E+09,1.5,4400,38.5,1.8,196100,21,NA,21.2,-9.8,86.2,1.9,7.5,9.92,517400000,1.49E+09,1.52E+09,NA,-1.00E+08,159900000,796300000,426200000,1.33E+09,NA,NA,2.87E+08,266900000,0,0,89800,96.9,0,0,3.1,0,0,0,0,0,2608,0,2646,0,0,0,0,0,70200,425300,38,150000,9,NA,1350,NA,13,NA
41,Cambodia,181035,15458332,1.63,24.4,7.78,-0.32,250,51.36,63.78,2.66,5.7,0.8,76400,2700,2.1,29,2.6,3.4,3.96E+10,7,2600,9.6,9.5,7900000,0,37.9,17.2,-2.7,NA,3.2,5.25,12.98,1.21E+09,8.37E+09,5.71E+09,NA,-1.26E+09,6.78E+09,8.90E+09,5.42E+09,4.91E+09,NA,NA,1.02E+09,2.57E+09,0,1.83E+09,359900,94.8,0,3.6,1.6,1,0,0,0,0,39350,0,26250,0,0,0,0,0,584000,19100000,13784,78500,16,690,39618,3700,544,1.54
42,Cameroon,475440,23130708,2.6,36.58,10.4,-0.15,690,55.1,57.35,4.82,5.2,4.5,600500,34600,10.3,15.1,3.2,NA,5.32E+10,4.6,2400,21.6,4.1,8426000,30,44.6,18.3,-4.3,16.7,2.6,NA,14,3.76E+09,6.20E+09,2.90E+09,NA,-1.46E+09,6.00E+09,6.80E+09,3.35E+09,3.46E+09,NA,NA,5.76E+09,5.18E+09,0,0,1115000,27.8,0,72.2,0,63520,55680,34220,2.00E+08,43500,29410,13370,6018,1.50E+08,2.10E+08,0,0,1.35E+11,737400,13100000,10207,749600,33,1245,51350,NA,NA,1.42
43,Canada,9984670,34834841,0.76,10.29,8.31,5.66,12,4.71,81.67,1.59,11.2,0.3,68000,1000,26.2,NA,5.4,14.3,1.52E+12,1.6,43100,21.5,1.4,19080000,7.1,32.1,37.7,-2.9,86.3,1,0.25,3,6.99E+11,1.54E+12,3.13E+12,1.91E+12,-5.95E+10,4.59E+11,4.71E+11,6.86E+10,1.33E+12,1.04E+12,1.05E+12,6.19E+11,5.00E+11,5.80E+10,1.14E+10,138600000,31.7,9.2,54.7,4.2,3856000,1576000,770300,1.73E+11,2016000,2259000,1073000,249500,1.43E+11,8.25E+10,8.83E+10,3.13E+10,1.93E+12,18010000,26263000,8743000,26960000,1467,46552,1042300,636,181,1.24
44,Cayman Islands,264,54914,2.14,12.13,5.41,14.71,NA,6.21,81.02,1.86,NA,NA,NA,NA,NA,NA,NA,13.5,2.25E+09,1.1,43800,NA,1.5,39000,4,NA,31.1,-2.5,NA,1.8,NA,NA,334300000,5.56E+09,NA,183500000,NA,13900000,7.19E+08,NA,NA,NA,NA,5.94E+08,5.52E+08,0,0,151000,100,0,0,0,0,0,0,0,0,3141,0,3754,0,0,0,0,0,37400,96300,23472,23000,3,NA,785,NA,116,NA
45,Central African Republic,622984,5277959,2.13,35.45,14.11,0,890,92.86,51.35,4.46,3.8,4.7,130000,11000,3.5,28,1.2,NA,3.34E+09,-14.5,700,2.4,-11,2082000,8,61.3,9.1,-4.1,NA,7,4.75,15,308300000,376400000,478700000,NA,-133800000,138900000,218600000,NA,634200000,NA,NA,1.60E+08,148800000,0,0,44000,43.2,0,56.8,0,0,0,0,0,0,3175,0,2318,0,0,0,0,0,5600,1070000,20,22600,39,NA,20278,2800,NA,NA
46,Chad,1284000,11412107,1.92,37.29,14.56,-3.54,1100,90.3,49.44,4.68,4.3,2.7,213100,14400,2.7,33.9,2.3,NA,2.80E+10,3.9,2500,46.4,10,4293000,NA,NA,20.3,-5.9,30.5,4.5,4.75,15.5,1.60E+09,1.80E+09,832400000,NA,-827100000,3.87E+09,2.70E+09,1.30E+09,1.83E+09,NA,NA,9.80E+07,91140000,0,0,31000,100,0,0,0,104500,125700,0,1.50E+09,0,1817,0,1754,0,0,0,0,1.00E+12,29900,4200000,6,168100,59,NA,40000,NA,NA,NA
47,Chile,756102,17363894,0.84,13.97,5.93,0.35,25,7.02,78.44,1.84,7.5,0.4,38700,NA,29.4,0.5,4.5,16.3,3.35E+11,4.4,19100,20.8,3,8367000,6,52.1,20.8,-1,13.9,1.7,0.5,10.06,4.16E+10,1.59E+11,2.14E+11,2.70E+11,-1.10E+10,7.79E+10,7.57E+10,3.99E+10,1.19E+11,2.15E+11,1.09E+11,6.29E+10,5.39E+10,0,7.34E+08,16210000,62,0,33.7,4.3,17340,0,169700,1.50E+08,187200,321700,13040,154100,1.14E+09,5.30E+09,0,3.83E+09,9.80E+10,3276000,24130000,2152000,7009000,481,7082,77764,NA,42,2.04
48,China,9596960,1355692576,0.44,12.17,7.44,-0.32,37,14.79,75.15,1.55,5.2,0.1,780000,26000,5.7,3.4,NA,NA,1.34E+13,7.7,9800,50,7.6,797600000,4.1,47.3,19.4,-2.1,22.4,2.6,2.25,6,5.53E+12,1.82E+13,1.18E+13,5.75E+12,1.83E+11,2.21E+12,1.95E+12,3.82E+12,8.63E+11,1.34E+12,5.41E+11,5.40E+12,5.32E+12,1.87E+10,7.44E+09,1.25E+09,69.1,1.2,22.5,7.2,4197000,33000,5664000,1.73E+10,9371000,9790000,664000,922000,1.17E+11,1.50E+11,2.40E+09,5.30E+10,3.10E+12,278860000,1.10E+09,20602000,3.89E+08,507,86000,4106387,110000,2030,1.99
52,Colombia,1138910,46245297,1.07,16.73,5.36,-0.65,92,15.02,75.25,2.07,6.1,0.5,146500,6500,17.3,3.4,4.4,21.9,5.27E+11,4.2,11100,21.9,2.5,23750000,9.7,55.9,29.1,0.4,39.6,2.2,5,NA,4.23E+10,1.63E+11,1.93E+11,NA,-1.10E+10,5.87E+10,5.35E+10,4.37E+10,8.58E+10,1.28E+11,3.37E+10,6.18E+10,4.54E+10,1.29E+09,8.22E+09,13540000,32.9,0,66.6,0.4,969100,777900,10,2.20E+09,313100,287000,92410,49790,1.10E+10,9.08E+09,2.11E+09,40290,1.70E+11,6291000,49066000,4410000,22538000,836,874,141374,24725,12,3.28
53,Comoros,2235,766865,1.87,29.05,7.76,-2.58,280,65.31,63.48,3.76,5.3,0.1,500,100,4.4,25,7.6,NA,9.11E+08,3.5,1300,NA,4,233500,20,NA,25.8,0.4,NA,2.5,2.21,10.5,162200000,261600000,156800000,NA,-45200000,19700000,208800000,NA,142900000,NA,NA,4.00E+07,37200000,0,0,6000,83.3,0,16.7,0,0,0,0,0,0,1025,0,877,0,0,0,0,0,24000,250000,14,24300,4,NA,880,NA,149,NA
54,"Congo, Democratic Republic of the",2344858,77433744,2.5,35.62,10.3,-0.33,540,73.15,56.54,4.8,8.5,1.1,481500,31700,1.7,28.2,2.5,NA,2.94E+10,6.2,400,NA,12,35180000,NA,NA,31.3,-3.5,NA,7.1,20,28.45,1.06E+09,3.50E+09,1.86E+09,NA,-2.54E+09,9.94E+09,8.92E+09,1.58E+09,6.87E+09,NA,NA,7.80E+09,6.20E+09,9.16E+08,1.61E+08,2437000,1.4,0,98.6,0,20000,22240,0,1.80E+08,0,10240,0,16200,0,0,0,0,991100000,58200,19487000,2515,290000,198,4007,153497,15000,1,1.72
55,"Congo, Republic of the",342000,4662446,1.94,36.59,10.17,-7.02,560,59.34,58.52,4.73,2.5,2.8,74500,5200,4.7,11.8,6.2,NA,2.03E+10,5.8,4800,61.4,2,2890000,53,NA,46.4,14,32.1,1.7,4.75,14.8,4.68E+09,5.12E+09,-1.05E+09,NA,638200000,9.91E+09,4.30E+09,5.24E+09,3.27E+09,NA,NA,5.59E+08,5.88E+08,0,4.95E+08,559000,51.2,0,48.8,0,291900,290000,0,1.60E+09,13820,10710,4288,4156,9.46E+08,9.30E+08,3.90E+07,0,9.06E+10,14900,4283000,45,245200,27,886,17289,1120,1,NA
56,Cook Islands,236,10134,-3,14.7,7.8,NA,NA,14.33,75.38,2.27,5.5,NA,NA,NA,63.7,NA,3.1,NA,183200000,0.1,9100,NA,1,6820,13.1,NA,38.7,1,NA,2.2,NA,NA,38990000,148200000,NA,NA,26670000,5222000,83490000,NA,1.41E+08,NA,NA,31130000,28950000,0,0,8090,98.9,0,0,1.1,0,0,0,0,0,974,0,485,0,0,0,0,0,7200,7800,3562,6000,11,NA,320,NA,35,NA
58,Costa Rica,51100,4755234,1.24,16.08,4.49,0.84,40,8.7,78.23,1.91,10.9,0.3,9800,300,23.7,1.1,6.3,18.4,6.14E+10,3.5,12900,16.3,4.3,2222000,7.9,50.3,14.8,-5,55,5.6,23,NA,4.63E+09,1.46E+10,2.29E+10,1.44E+09,-2.67E+09,1.17E+10,1.76E+10,7.41E+09,1.51E+10,2.17E+10,1.68E+09,9.47E+09,8.53E+09,1.35E+08,1.64E+08,2800000,32.4,0,55.5,12.1,291,0,10040,0,10630,50200,1898,40290,0,0,0,0,0,1018000,6151000,147258,1485000,161,278,39018,730,1,NA
59,Cote d'Ivoire,322463,22848945,1.96,29.25,9.67,0,400,60.16,58.01,3.63,6.8,3.2,450000,31200,6.2,29.4,4.6,NA,4.37E+10,8,1800,NA,7,7928000,NA,41.5,20.2,-3.4,45.2,2.9,4.25,4,7.61E+09,1.15E+10,7.95E+09,NA,-6.23E+08,1.30E+10,9.86E+09,4.09E+09,8.96E+09,NA,NA,5.72E+09,3.87E+09,4.71E+08,0,1222000,50.6,0,49.4,0,38560,32190,49780,1.00E+08,55890,24630,38300,4810,1.50E+09,1.50E+09,0,0,2.83E+10,268000,19827000,9115,967300,27,660,81996,980,NA,1.65
60,Croatia,56594,4470534,-0.12,9.49,12.13,1.43,17,5.87,76.41,1.45,7.8,0.1,1000,100,24.2,NA,4.3,43.1,7.89E+10,-1,17800,19.9,-1.8,1715000,21.6,32,36.9,-4.4,66.2,2.2,7,9.48,1.04E+10,4.93E+10,4.67E+10,2.32E+10,-102300000,1.24E+10,2.17E+10,1.15E+10,6.05E+10,3.75E+10,6.08E+09,1.42E+10,1.67E+10,3.29E+09,6.84E+09,4132000,45.9,0,44.7,2.3,11930,0,51470,7.10E+07,65410,74410,30120,26670,1.86E+09,2.76E+09,3.92E+08,1.14E+09,2.49E+10,1640000,4970000,729420,2234000,69,2722,29410,785,77,1.7
61,Cuba,110860,11047251,-0.14,9.9,7.64,-3.64,73,4.7,78.22,1.46,10,0.1,4700,100,21.5,3.4,12.8,3.1,1.21E+11,3.1,10200,13.4,2.6,5233000,4.3,NA,65.9,-3.7,35.9,6,NA,NA,1.12E+10,2.46E+10,NA,NA,289800000,6.25E+09,1.36E+10,4.99E+09,2.34E+10,NA,4.14E+09,1.78E+10,1.36E+10,0,0,5914000,99.3,0,0.6,0.1,50800,83000,165000,1.24E+08,100600,150200,11320,4877,1.03E+09,1.03E+09,0,0,7.08E+10,1217000,1682000,3244,1606000,133,8203,60858,240,3,NA
62,Curacao,444,146836,NA,NA,8,1.27,NA,NA,NA,2.09,NA,NA,NA,NA,NA,NA,NA,NA,3.13E+09,3.6,15000,NA,NA,73010,13,NA,16.6,-0.4,33.2,3.2,NA,NA,NA,NA,NA,NA,NA,1.61E+09,1.29E+09,NA,NA,NA,NA,1.79E+09,9.68E+08,0,0,NA,NA,NA,NA,NA,NA,NA,NA,0,531,72000,211100,291700,0,0,0,0,0,NA,NA,NA,NA,NA,NA,550,NA,NA,NA
63,Cyprus,9251,1172458,1.48,11.44,6.57,9.89,10,8.54,78.34,1.46,7.4,0.1,1000,NA,25.5,NA,7.3,27.8,2.16E+10,-8.7,24500,8.4,-3.5,443500,17.4,31,40.4,-5.7,113.1,0.2,1.5,7.05,1.47E+10,4.65E+10,5.04E+10,2.85E+09,-358200000,2.42E+09,4.75E+09,8.53E+08,9.53E+10,2.85E+10,1.21E+10,4.44E+09,4.36E+09,0,0,1493000,94.2,0,0,5.8,8,0,0,0,0,58430,0,58310,0,0,0,0,0,373200,1110000,252013,433900,15,NA,20006,NA,838,2.05
64,Czech Republic,78867,10627448,0.17,9.79,10.29,2.15,5,2.63,78.31,1.43,7.4,0.1,2000,100,32.7,2,4.2,19.5,2.86E+11,-0.9,26300,21.1,0.5,5304000,7.1,24.9,28.6,-2.1,48.8,1.4,0.05,5.41,1.24E+11,1.54E+11,NA,5.99E+10,-3.27E+09,1.61E+11,1.43E+11,5.62E+10,1.02E+11,1.44E+11,1.66E+10,8.76E+10,7.05E+10,2.75E+10,1.03E+10,20520000,63.6,19.7,5.2,11.5,10010,404,154000,1.50E+07,178900,199000,35720,54240,2.00E+08,8.16E+09,7400000,7.47E+09,1.92E+09,2100000,12973000,4148000,6681000,128,9469,130671,664,1,1.08
65,Denmark,43094,5569077,0.22,10.22,10.23,2.25,12,4.1,79.09,1.73,11.2,0.2,5300,100,18.2,NA,8.7,14.2,2.11E+11,0.1,37800,24.1,1.1,2795000,6,24.8,55.9,-2.5,47,0.8,0.75,3.6,1.48E+11,1.80E+11,6.75E+11,1.80E+11,1.96E+10,1.06E+11,9.85E+10,8.95E+10,5.87E+11,1.46E+11,2.48E+11,3.37E+10,3.36E+10,1.07E+10,1.59E+10,13710000,63,0,0.1,36.9,207400,155200,55010,8.05E+08,145300,160200,104400,124100,6.41E+09,4.99E+09,2.98E+09,2.54E+08,4.30E+10,2431000,6600000,4297000,4750000,80,2667,73929,400,367,1.41
67,Djibouti,23200,810179,2.23,24.08,7.84,6.06,200,50.2,62.4,2.47,7.9,1.2,7700,800,9.4,29.8,8.4,NA,2.51E+09,5,2700,21.5,8,294600,59,40.9,35.1,-1.4,38.6,2.5,NA,12,850800000,1.26E+09,523400000,NA,-219500000,90800000,593300000,NA,821600000,630600000,NA,3.25E+08,302300000,0,0,130000,100,0,0,0,0,0,0,0,0,12460,19,8089,0,0,0,0,0,18000,209000,215,25900,13,100,3065,NA,NA,NA
68,Dominica,751,73449,0.22,15.53,7.94,-5.39,NA,11.61,76.59,2.05,5.9,NA,NA,NA,24.9,NA,3.5,26,1.02E+09,1.1,14300,9.2,-1,25000,23,NA,29.9,-7.5,70,1.8,6.5,9.03,94410000,455200000,333300000,NA,-91500000,40400000,219600000,9.00E+07,274900000,NA,NA,100500000,93470000,0,0,97000,19.6,0,6.2,74.2,0,0,0,0,0,918,0,916,0,0,0,0,0,14600,109300,723,28000,2,NA,1512,NA,43,NA
69,Dominican Republic,48670,10349741,1.25,18.97,4.5,-1.93,150,19.63,77.8,2.36,5.4,0.7,45000,1900,21.2,3.4,2.2,29.4,1.01E+11,2,9700,NA,2.5,4912000,15,47.2,15.2,-3,47,5,NA,15.48,4.94E+09,1.55E+10,2.51E+10,NA,-2.33E+09,9.83E+09,1.68E+10,4.38E+09,1.80E+10,2.68E+10,5.90E+07,1.31E+10,1.31E+10,0,0,5701000,90.6,0,9.2,0.2,61,0,27260,0,28050,122300,0,85490,0,8.20E+08,0,9.30E+08,0,1065000,9038000,404500,2701000,36,142,19705,NA,NA,0.61
70,Ecuador,283561,15654411,1.37,18.87,5.04,-0.13,110,17.93,76.36,2.29,7.3,0.6,52300,2700,21.4,6.2,4.4,11.1,1.58E+11,4,10600,26,3.1,6953000,4.2,48.5,40.5,-2.5,23.2,2.6,8.68,8.17,8.59E+09,2.78E+10,2.54E+10,5.78E+09,-827100000,2.55E+10,2.62E+10,2.63E+09,1.99E+10,1.79E+10,6.33E+09,2.29E+10,1.94E+10,14100000,1.30E+09,5243000,55.3,0,42.8,2,526000,413000,154000,8.24E+09,207300,280000,28000,135500,2.40E+08,3.30E+08,0,25000,6.99E+09,2310000,16457000,170538,3352000,432,965,43670,1500,44,2.83
71,Egypt,1001450,86895099,1.84,23.35,4.77,-0.19,66,22.41,73.45,2.87,4.9,0.1,6500,300,33.1,6.8,3.8,24.8,5.51E+11,1.8,6600,12.3,1.4,27690000,13.4,30.8,17.4,-13.3,92.2,9,8.68,12,4.78E+10,1.91E+11,1.64E+11,5.80E+10,-6.04E+09,2.48E+10,5.92E+10,1.70E+10,4.88E+10,7.68E+10,6.48E+09,1.39E+11,1.22E+11,1.60E+09,1.56E+08,26910000,87.6,0,10.4,2,720000,85000,48740,4.40E+09,602600,816300,90050,164200,6.13E+10,4.62E+10,1.05E+10,0,2.19E+12,8557000,96800000,200430,20136000,83,5083,137430,3500,67,1.72
72,El Salvador,21041,6125512,0.27,16.79,5.67,-8.44,81,18.44,74.18,1.95,6.8,0.6,24900,1000,25.8,6.6,3.4,12.4,4.75E+10,1.6,7500,9,2.1,2738000,6.3,46.9,19,-4,62,0.9,NA,5.6,2.91E+09,1.01E+10,1.12E+10,5.47E+09,-1.33E+09,5.11E+09,1.00E+10,2.86E+09,1.44E+10,8.88E+09,5700000,5.73E+09,5.76E+09,101600000,2.51E+08,1491000,52.6,0,31.6,15.7,0,0,16160,0,16620,44040,2425,29020,0,0,0,0,0,1060000,8650000,24070,746000,68,283,6918,NA,NA,0.99
73,Equatorial Guinea,28051,722254,2.54,33.83,8.39,0,240,71.12,63.49,4.66,4,6.2,31400,1400,10.6,10.6,0.6,NA,1.97E+10,-1.5,25700,22.6,3.2,195200,22.3,NA,40,0.2,11,6,4.25,15,3.00E+09,3.38E+09,-424600000,NA,-2.92E+09,1.54E+10,7.94E+09,4.03E+09,2.10E+09,NA,NA,9.70E+07,90210000,0,0,38000,97.4,0,2.6,0,318000,319100,0,1.10E+09,3074,1588,2320,4561,6.88E+09,1.58E+09,5.26E+09,0,3.68E+10,14900,501000,7,14400,7,NA,2880,NA,5,NA
74,Eritrea,117600,6380803,2.3,30.69,7.65,0,240,38.44,63.51,4.14,2.6,0.7,17800,1200,1.5,34.5,2.1,NA,4.72E+09,7,1200,13,7,2955000,NA,NA,28.2,-13,104.7,13,NA,NA,1.80E+09,4.08E+09,3.60E+09,NA,-210100000,496200000,1.03E+09,192900000,1.09E+09,NA,NA,292500000,253500000,0,0,140800,98.7,0,0,1.3,0,0,0,0,0,4480,0,3160,0,0,0,0,0,60000,305300,701,2.00E+05,13,306,4010,NA,4,NA
75,Estonia,45228,1257921,-0.68,10.29,13.69,-3.37,2,6.7,74.07,1.46,6,1.2,9900,500,20.6,NA,5.7,20.9,2.99E+10,1.5,22400,23.9,3,692900,10.9,31.3,35,-0.5,6,3.4,NA,5.75,9.99E+09,1.36E+10,1.92E+10,1.61E+09,-352300000,1.51E+10,1.64E+10,372300000,2.67E+10,2.17E+10,7.34E+09,1.22E+10,7.95E+09,4.95E+09,2.71E+09,2751000,93.4,0,0.2,6.4,11000,7624,0,0,0,26340,0,22670,0,7.01E+08,0,6.70E+08,0,448200,2070000,865494,971700,18,1196,58412,335,25,2
76,Ethiopia,1104300,96633458,2.89,37.66,8.52,-0.23,350,55.77,60.75,5.23,4.7,1.3,758600,47200,1.1,29.2,4.7,24.9,1.18E+11,7,1300,18.8,9,45650000,17.5,33,14.2,-2.8,50.4,8.4,NA,14.5,9.01E+09,1.54E+10,1.61E+10,NA,-2.74E+09,3.21E+09,1.07E+10,3.38E+09,1.20E+10,NA,NA,4.93E+09,4.45E+09,0,0,2061000,9.9,0,89.7,0.4,100,0,0,430000,0,49080,0,42500,0,0,0,0,2.49E+10,797500,20524000,179,447300,57,681,44359,NA,8,0.91
77,European Union,NA,511434812,NA,NA,NA,NA,NA,4.33,80.02,NA,NA,NA,NA,NA,NA,NA,NA,NA,1.59E+13,0.1,34500,19.2,-0.3,228600000,10.5,30.6,NA,NA,NA,1.5,1.5,7.52,6.74E+12,1.29E+13,2.17E+13,NA,-3.45E+10,2.17E+12,2.31E+12,8.64E+11,1.60E+13,NA,NA,3.26E+12,3.04E+12,NA,NA,867600000,NA,NA,NA,NA,1578000,NA,NA,5.68E+09,12050000,12800000,2196000,8613000,1.63E+11,4.44E+11,9.38E+10,4.21E+11,1.81E+12,NA,NA,NA,NA,NA,NA,NA,NA,NA,1.65
78,Falkland Islands (Islas Malvinas),12173,2840,0.01,NA,NA,NA,NA,NA,NA,NA,NA,NA,NA,NA,NA,NA,NA,NA,164500000,NA,55400,NA,NA,5246,4.1,NA,40.8,-5,NA,1.2,NA,NA,NA,NA,NA,NA,NA,1.25E+08,9.00E+07,NA,NA,NA,NA,1.90E+07,17670000,0,0,10000,90,0,0,10,0,0,0,0,0,300,0,313,0,0,0,0,0,1980,3450,110,2900,7,NA,440,NA,NA,NA
79,Faroe Islands,1393,49947,0.49,13.57,8.71,0,NA,5.71,80.11,2.38,NA,NA,NA,NA,NA,NA,NA,9.4,1.47E+09,2.9,30500,NA,3.4,34710,6.8,NA,44.2,-11.9,NA,2.3,NA,NA,NA,NA,NA,NA,NA,8.24E+08,7.76E+08,NA,888800000,NA,NA,2.61E+08,2.49E+08,0,0,100100,64.9,0,31,4.1,0,0,0,0,0,4871,0,4661,0,0,0,0,0,24000,61000,7575,37500,1,NA,463,NA,37,NA
80,Fiji,18274,903207,0.7,19.86,6,-6.86,26,10.2,72.15,2.51,3.8,0.2,900,100,30.6,5.3,4.2,NA,4.45E+09,3,4900,NA,2.5,335000,7.6,NA,25.7,-2.6,56.2,3,3,7,1.55E+09,2.70E+09,2.17E+09,392200000,-492300000,1.03E+09,2.05E+09,963700000,779900000,3.17E+09,43030000,836100000,808300000,0,0,245100,49,0,45.3,5.7,30,0,0,0,0,17810,692,10050,0,0,0,0,0,88400,858800,21739,114200,28,597,3440,203,11,1.47
81,Finland,338145,5268799,0.05,10.35,10.51,0.62,5,3.36,79.69,1.73,8.9,0.1,2600,100,23,NA,6.8,17.7,1.96E+11,-0.6,35900,17.9,-4.2,2685000,8.1,26.8,53.7,-2.3,56.5,2.2,1.5,2.06,1.31E+11,1.83E+11,2.68E+11,1.43E+11,-2.00E+09,7.57E+10,7.07E+10,1.06E+10,5.87E+11,1.39E+11,1.97E+11,7.03E+10,8.48E+10,1.65E+09,1.91E+10,16680000,52.3,16.2,18.8,12.7,13530,0,214700,0,282300,204800,144400,113800,0,4.70E+09,0,3.66E+09,0,890000,9320000,4763000,4393000,148,5944,78000,8000,97,1.47
82,France,643801,66259012,0.45,12.49,9.06,1.09,8,3.31,81.66,2.08,11.6,0.4,150000,1700,18.2,NA,5.9,23.8,2.28E+12,0.3,35700,18.2,-0.4,29940000,10.2,30.6,51.5,-4.1,93.4,0.9,1.75,3.44,8.10E+11,2.30E+12,3.69E+12,1.54E+12,-5.90E+10,5.79E+11,6.60E+11,1.99E+11,5.37E+12,1.10E+12,1.49E+12,5.61E+11,4.63E+11,7.34E+10,2.90E+10,124300000,22.1,50.8,14.7,6.9,72300,0,1298000,85180000,1550000,1792000,464300,834800,5.08E+08,4.80E+10,5.99E+09,4.77E+10,1.07E+10,39290000,62280000,17266000,45262000,464,29640,1028446,8501,162,1.8
83,French Polynesia,4167,280026,0.97,15.47,4.93,-0.87,NA,4.78,76.79,1.95,NA,NA,NA,NA,NA,NA,NA,33.2,5.65E+09,-0.4,22000,NA,NA,116000,11.7,NA,15.3,3.9,NA,1.1,NA,NA,NA,NA,NA,NA,NA,2.00E+08,2.20E+09,NA,NA,NA,NA,6.72E+08,6.25E+08,0,0,186000,74.7,0,25.3,0,0,0,0,0,0,8000,0,7190,0,0,0,0,0,55000,226000,37949,120000,54,NA,2590,NA,12,NA
85,Gabon,267667,1672597,1.94,34.64,13.13,-2.07,230,47.03,52.06,4.49,3.2,4,40700,2300,13.9,6.5,NA,NA,3.01E+10,6.6,19200,44.7,4.4,629100,21,NA,25.2,-7.9,23.2,1.2,4.25,15,2.50E+09,3.97E+09,1.70E+09,NA,1.78E+09,9.78E+09,3.93E+09,2.47E+09,3.43E+09,NA,NA,1.78E+09,1.44E+09,0,0,415000,59,0,41,0,242000,225300,0,2.00E+09,19280,15800,7670,4594,7.00E+07,8.00E+07,0,0,2.83E+10,17000,2930000,127,98800,44,649,9170,1600,2,1.34
86,"Gambia, The",11295,1925527,2.23,31.75,7.26,-2.23,360,65.74,64.36,3.85,4.4,1.3,14300,500,7.9,15.8,4.1,NA,3.68E+09,6.4,2000,16.3,3.4,777100,NA,50.2,25.6,-4,NA,6,11,28,207100000,479800000,3.75E+08,NA,-163700000,113200000,359700000,251200000,517700000,NA,NA,2.30E+08,213900000,0,0,62000,100,0,0,0,0,0,0,0,0,3181,42,3434,0,0,0,0,0,64200,1526000,656,130100,1,NA,3740,390,4,NA
87,Gaza Strip,360,1816379,2.91,32.2,3.09,0,64,15.46,74.64,4.24,NA,NA,NA,NA,NA,NA,NA,38.8,NA,NA,NA,NA,NA,348200,22.5,NA,NA,NA,NA,1.7,NA,NA,NA,2.10E+09,1.25E+09,NA,NA,NA,NA,NA,NA,NA,NA,51000,202000,0,193000,NA,NA,NA,NA,NA,NA,NA,NA,0,NA,NA,NA,NA,NA,NA,NA,NA,NA,406000,3041000,NA,1379000,1,NA,NA,NA,NA,NA
88,Georgia,69700,4935880,-0.11,12.93,10.77,-3.25,67,16.68,75.72,1.77,9.4,0.3,6600,200,22.1,1.1,2,33.3,2.73E+10,2.5,6100,18,3,1959000,15,46,30.3,-2.7,36.3,-0.5,5.25,22.08,2.03E+09,4.72E+09,5.96E+09,NA,-1.38E+09,2.62E+09,7.06E+09,3.32E+09,1.17E+10,1.12E+10,1.36E+09,9.69E+09,9.38E+09,1.49E+09,6.14E+08,4538000,37.2,0,62.8,0,980,531,0,3.50E+07,0,17280,0,18500,9151000,1.97E+09,0,1.96E+09,8.50E+09,1276000,4699000,357864,1300000,22,1612,19109,NA,142,2.88
89,Germany,357022,80996685,-0.18,8.42,11.29,1.06,7,3.46,80.44,1.43,11.1,0.1,67000,1000,25.1,1.1,5.1,8.1,3.23E+12,0.5,39500,24.7,-0.3,44200000,5.3,27,45.3,0.1,79.9,1.6,1.5,3.07,2.16E+12,4.55E+12,4.46E+12,1.18E+12,2.57E+11,1.49E+12,1.23E+12,2.49E+11,5.72E+12,1.34E+12,1.87E+12,5.27E+11,5.83E+11,6.68E+10,4.63E+10,178400000,51,7,6,36,169500,14260,1876000,254200000,2198000,2400000,376600,758100,9.00E+09,7.52E+10,1.82E+10,8.80E+10,1.25E+11,50700000,107700000,20043000,65125000,539,41981,645000,7467,427,1.35
90,Ghana,238533,25758108,2.19,31.4,7.37,-2.13,350,38.52,65.75,4.09,4.8,1.4,235800,11600,7.5,14.3,8.1,16.6,9.04E+10,7.9,3500,21.1,10.5,12070000,11,39.4,23.2,-9.5,53.1,11,17,22.8,6.26E+09,1.26E+10,1.33E+10,3.10E+09,-5.15E+09,1.34E+10,1.85E+10,6.02E+09,1.47E+10,NA,NA,8.21E+09,5.31E+09,1.04E+09,1.06E+08,1985000,40.6,0,59.4,0,79630,0,32060,6.60E+08,22130,61590,9977,37240,5.00E+07,1.20E+08,0,8.30E+08,2.27E+10,285000,25618000,59086,1297000,10,947,109515,1293,4,0.27
91,Gibraltar,7,29185,0.25,14.15,8.33,-3.29,NA,6.29,79.13,1.92,NA,NA,NA,NA,NA,NA,NA,NA,1.28E+09,6,43000,NA,NA,12690,3,NA,43,2.1,7.5,2.8,NA,NA,NA,NA,NA,NA,NA,2.71E+08,2.97E+09,NA,NA,NA,NA,166400000,154700000,0,0,43000,100,0,0,0,0,0,0,0,0,24920,0,28380,0,0,0,0,0,23100,34750,3509,20200,1,NA,29,NA,267,NA
92,Greece,131957,10775557,0.01,8.8,11,2.32,3,4.78,80.3,1.41,9,0.1,8800,500,20.1,NA,4.1,55.3,2.67E+11,-3.8,23600,12.2,-3.5,4918000,27.9,34.3,43.7,-4,175,-0.8,1.5,7.33,1.12E+11,2.47E+11,3.25E+11,3.37E+10,2.02E+09,3.04E+10,5.06E+10,7.26E+09,5.69E+11,4.01E+10,4.33E+10,5.62E+10,5.64E+10,4.12E+09,5.95E+09,15120000,69.5,0,16.2,10.5,7497,17020,405500,1.00E+07,462000,343400,183100,133100,6.00E+06,4.20E+09,0,4.38E+09,991100000,5461000,13354000,3201000,4971000,77,2548,116960,6,860,1.72
93,Greenland,2166086,57728,0.02,14.53,8.38,-5.98,NA,9.42,71.82,2.06,NA,NA,NA,NA,NA,NA,NA,NA,2.13E+09,3,38400,NA,NA,28600,9.4,NA,79.6,1.9,NA,2.8,NA,NA,NA,NA,NA,NA,NA,384300000,814200000,NA,36400000,NA,NA,276600000,2.79E+08,0,0,137000,100,0,0,0,0,0,0,0,0,3897,920,5164,0,0,0,0,0,18900,59455,15645,36000,15,NA,NA,NA,1,NA
94,Grenada,344,110152,0.5,16.3,8.04,-3.24,24,10.5,73.8,2.09,6.2,NA,NA,NA,22.5,NA,3.9,NA,1.46E+09,0.8,13800,-3.6,-2,59900,33.5,NA,20.1,-4.1,110,2.4,6.5,9.75,131700000,697400000,744900000,NA,-214400000,40500000,2.97E+08,NA,6.79E+08,NA,NA,201400000,178400000,0,0,49700,98.6,0,0,1.4,0,0,0,0,0,2803,0,2004,0,0,0,0,0,28500,128000,80,25000,3,NA,1127,NA,NA,NA
95,Guam,544,161001,0.44,17.01,5.04,-7.61,NA,5.51,78.82,2.38,NA,NA,NA,NA,NA,NA,NA,29.4,4.60E+09,1.3,28700,NA,NA,69390,8.2,NA,20.5,-3,NA,4,NA,NA,NA,NA,NA,NA,NA,4.40E+07,9.01E+08,NA,NA,NA,NA,1.73E+09,1.64E+09,0,0,552000,100,0,0,0,0,0,0,0,0,14490,0,6579,0,0,0,0,0,67000,98000,23,90000,5,NA,1045,NA,NA,NA
96,Guatemala,108889,14647083,1.86,25.46,4.82,-2,120,23.51,71.74,2.99,6.7,0.7,57800,3400,19.2,13,3,7.5,8.15E+10,3.3,5300,NA,3.7,4465000,4.1,55.1,11.9,-2.7,31,4.4,NA,13.49,8.46E+09,2.38E+10,2.26E+10,NA,-1.82E+09,1.03E+10,1.67E+10,7.12E+09,1.77E+10,NA,NA,8.15E+09,8.16E+09,193300000,525600000,2745000,56.5,0,31.1,12.4,14020,10960,0,83070000,1253,80810,4911,71390,0,0,0,0,2.96E+09,1744000,20787000,357552,2279000,291,332,11501,990,NA,0.42
97,Guernsey,78,65849,0.36,9.89,8.69,2.4,NA,3.47,82.39,1.55,NA,NA,NA,NA,NA,NA,NA,NA,2.74E+09,3,44600,NA,NA,31470,0.9,NA,20.6,1.2,NA,3.4,NA,NA,NA,NA,NA,NA,NA,NA,NA,NA,NA,NA,NA,NA,NA,NA,NA,NA,NA,NA,NA,NA,NA,NA,NA,NA,NA,NA,NA,NA,NA,NA,NA,NA,NA,45100,43800,239,48300,2,NA,NA,NA,NA,NA
98,Guinea,245857,11474383,2.63,36.02,9.69,0,610,55.24,59.6,4.93,6,1.7,118100,5100,4.4,16.3,2.5,NA,1.26E+10,2.9,1100,NA,4.6,5409000,NA,39.4,23,-5.1,NA,11.9,22.25,27,1.53E+09,1.88E+09,1.52E+09,NA,-1.75E+09,1.31E+09,2.38E+09,183100000,2.58E+09,NA,1.45E+08,9.69E+08,901200000,0,0,395000,68.4,0,31.6,0,0,0,0,0,0,8671,0,9089,0,0,0,0,0,18000,4781000,15,95000,16,1185,44348,1300,NA,NA
99,Guinea-Bissau,36125,1693398,1.93,33.83,14.54,0,790,90.92,49.87,4.3,6.3,3.9,41300,2300,4.9,16.6,NA,NA,2.01E+09,3.5,1200,NA,1.2,632700,NA,NA,16.1,-1.8,NA,1.9,4.75,15,242800000,338100000,173300000,NA,-47300000,147600000,206400000,NA,1.10E+09,NA,NA,6.70E+07,62310000,0,0,26000,100,0,0,0,0,0,0,0,0,2922,0,2661,0,0,0,0,0,5000,1100000,90,37100,8,NA,3455,NA,NA,1.85
100,Guyana,214969,735554,-0.11,15.9,7.3,-9.67,280,33.56,67.81,2.14,5.9,1.3,7200,100,17.2,11.1,3.2,46.1,6.59E+09,5.3,8500,6.2,13.5,313100,11,44.6,25.1,-6.4,59.9,3.9,4.25,13.86,601800000,1.62E+09,1.35E+09,440400000,-510700000,1.34E+09,2.04E+09,854700000,1.85E+09,NA,NA,7.00E+08,5.12E+08,0,0,362500,96,0,0.3,3.7,0,0,0,0,0,10910,0,10780,0,0,0,0,0,154200,547000,24936,189600,117,NA,7970,330,10,1.09
101,Haiti,27750,9996731,1.08,22.83,7.91,-4.12,350,49.43,63.18,2.79,7.9,2.1,146000,7500,7.9,18.9,NA,NA,1.34E+10,3.4,1300,3.7,6,4810000,40.6,59.2,24,-5.4,NA,6.3,NA,8.93,1.15E+09,3.51E+09,1.73E+09,NA,-1.28E+09,876800000,2.70E+09,1.34E+09,1.12E+09,1.12E+09,NA,7.26E+08,208500000,0,0,130000,79,0,21,0,0,0,0,0,0,14000,0,15130,0,0,0,0,0,50000,6095000,555,1.00E+06,14,NA,4266,NA,NA,NA
104,Honduras,112090,8598561,1.74,23.66,5.13,-1.18,100,18.72,70.91,2.86,9.1,0.5,25600,1700,18.4,8.6,NA,8,3.92E+10,2.8,4800,17.7,4.6,3507000,4.5,57.7,16.5,-6.2,40.6,5.2,NA,18.45,1.78E+09,6.85E+09,1.05E+10,NA,-1.64E+09,7.88E+09,1.13E+10,2.41E+09,6.17E+09,NA,NA,6.49E+09,4.85E+09,2.20E+07,2.20E+07,1701000,63.7,0,30.9,5.4,20,0,0,0,0,58150,0,46370,0,0,0,0,0,610000,7370000,30955,731700,103,44,14742,465,88,1.05
105,Hong Kong,1104,7112688,0.41,9.38,6.93,1.69,NA,2.73,82.78,1.17,NA,0.1,2600,200,NA,NA,3.5,9.3,3.81E+11,2.9,52700,28.6,0,3873000,3.1,53.7,21.2,1.8,35.6,4.4,0.5,5,1.94E+11,1.29E+12,8.28E+11,2.81E+12,5.61E+09,4.56E+11,5.21E+11,3.11E+11,1.16E+12,1.50E+12,1.39E+12,4.00E+10,4.42E+10,1.65E+09,1.15E+10,10670000,100,0,0,0,0,0,0,0,0,333900,12010,345900,0,3.10E+09,0,3.10E+09,0,4362000,16403000,870041,4873000,2,NA,2090,NA,1644,NA
107,Hungary,93028,9919128,-0.21,9.26,12.72,1.34,21,5.09,75.46,1.42,7.7,0.1,3000,200,27.6,NA,4.9,28.1,1.97E+11,0.2,19800,17.1,1.8,4263000,10.5,24.7,47.7,-2.9,79.8,1.9,7,9.02,3.48E+10,6.75E+10,7.78E+10,2.28E+10,1.72E+09,9.30E+10,8.95E+10,3.85E+10,1.70E+11,1.12E+11,4.60E+10,3.43E+10,3.61E+10,9.00E+09,1.70E+10,9900000,72,20,1,7,27990,0,114800,27320000,177500,141100,59110,171600,2.46E+09,1.19E+10,2.84E+09,1.02E+10,8.10E+09,2960000,11580000,3145000,6176000,41,8057,199567,1622,NA,0.83
108,Iceland,103000,317351,0.65,13.09,7.13,0.52,5,3.15,81.22,1.88,9.1,0.3,1000,100,23.2,NA,7.6,13.6,1.31E+10,1.9,40700,15.4,-1,181100,4.5,28,42.7,-1.5,130.5,3.9,5.75,8.33,3.88E+09,7.15E+09,1.94E+10,2.02E+09,-1.00E+08,5.20E+09,4.53E+09,5.60E+09,1.02E+11,NA,NA,1.71E+10,1.62E+10,0,0,2579000,4.7,0,73,22.3,0,0,0,0,0,20770,1420,14160,0,0,0,0,0,189000,346000,369969,301600,96,NA,12890,NA,2,0.13
109,India,3287263,1236344631,1.25,19.89,7.35,-0.05,200,43.19,67.8,2.51,3.9,0.3,2085000,135500,1.9,43.5,3.2,10.7,4.99E+12,3.2,4000,33.7,0.9,487300000,8.8,36.8,10.3,-5.7,51.8,9.6,8,10.63,3.03E+11,1.38E+12,1.38E+12,1.02E+12,-7.48E+10,3.13E+11,4.68E+11,2.95E+11,4.12E+11,3.10E+11,1.20E+11,8.71E+11,6.99E+11,6.20E+07,5.70E+09,199900000,65.8,2.4,19.5,12.3,990200,0,3272000,5.48E+09,4216000,3292000,1247000,379600,4.04E+10,6.45E+10,0,1.64E+10,1.24E+12,31080000,893862000,6746000,61338000,346,63974,4689842,14500,340,2.43
110,Indonesia,1904569,253609643,0.95,17.04,6.34,-1.18,220,25.16,72.17,2.18,2.7,0.4,605500,26800,4.8,18.6,2.8,22.2,1.29E+12,5.3,5200,31.5,4.3,1.20E+08,6.6,36.8,15.8,-3.3,24.2,7.7,6.46,11.8,8.30E+10,3.25E+11,3.36E+11,3.90E+11,-2.87E+10,1.79E+11,1.79E+11,8.35E+10,2.24E+11,2.07E+11,1.74E+10,1.74E+11,1.58E+11,0,2.54E+09,39900000,87,0,9.9,3.1,974300,338100,388400,4.03E+09,935300,1322000,142400,473400,7.63E+10,3.96E+10,3.87E+10,0,3.07E+12,37983000,281960000,1344000,2.00E+07,673,5042,496607,21579,1340,0.78
111,Iran,1648195,80840713,1.22,18.23,5.94,-0.08,21,39,70.89,1.85,6,0.2,70900,4600,19.4,4.6,3.7,23,9.87E+11,-1.5,12800,30.3,-5.2,27720000,16,44.5,11.6,-4.5,18.7,42.3,NA,11,2.63E+10,6.50E+10,4.23E+10,1.41E+11,-8.66E+09,6.12E+10,6.44E+10,6.81E+10,1.56E+10,4.15E+10,3.65E+09,2.40E+11,2.00E+11,6.71E+09,3.02E+09,62090000,86.2,0,13.7,0.2,3594000,2445000,15600,1.55E+11,1718000,1709000,330800,180400,1.63E+11,1.45E+11,9.05E+09,1.06E+10,3.36E+13,28760000,58160000,197804,8214000,319,8442,198866,850,76,NA
112,Iraq,438317,32585692,2.23,26.85,4.57,0,63,37.53,71.42,3.41,8.3,0.1,500,NA,27,7.1,NA,NA,2.49E+11,4.2,7100,NA,6.9,8900000,16,NA,44.9,0.9,NA,2,6,6,6.23E+10,7.48E+10,-3902000,2.60E+09,1.29E+10,9.20E+10,6.66E+10,7.12E+10,5.95E+10,NA,NA,6.23E+10,5.34E+10,0,9.80E+09,11200000,92,0,7.6,0,2979000,2390000,0,1.41E+11,492800,818000,3832,172600,8.80E+08,1.30E+09,0,0,3.16E+12,1870000,26760000,26,325900,102,2370,59623,5279,2,2.88
113,Ireland,70273,4832765,1.2,15.18,6.45,3.31,6,3.74,80.56,2,9.4,0.2,6900,100,25.2,NA,6.4,24,1.90E+11,0.6,41300,13.4,0.2,2161000,13.5,33.9,34.1,-7.2,124.2,0.6,1.5,3.55,1.21E+11,2.38E+11,4.25E+11,1.08E+11,7.30E+09,1.14E+11,6.15E+10,1.71E+09,2.16E+12,7.77E+11,7.93E+11,2.60E+10,2.61E+10,3.70E+08,7.24E+08,8316000,76.2,0,2.9,17.4,726,1858,62070,0,59630,144000,26120,166000,3.73E+08,5.51E+09,0,4.52E+09,9.91E+09,2007000,4906000,1387000,3042000,40,3237,96036,956,31,0.55
114,Isle of Man,572,86866,0.8,11.17,10.03,6.84,NA,4.17,80.98,1.94,NA,NA,NA,NA,NA,NA,NA,7.2,4.08E+09,5.2,53800,NA,NA,41790,2,NA,23.7,0.5,NA,5,NA,NA,NA,NA,NA,NA,NA,NA,NA,NA,NA,NA,NA,NA,NA,NA,NA,NA,NA,NA,NA,NA,NA,NA,NA,NA,NA,NA,NA,NA,NA,NA,NA,NA,NA,NA,NA,895,NA,1,63,500,NA,321,NA
115,Israel,20770,7821850,1.46,18.44,5.54,1.68,7,3.98,81.28,2.62,7.7,0.2,7500,100,26.2,NA,5.6,12.1,2.73E+11,3.3,36200,22.2,5.5,3493000,5.8,37.6,40.2,-1.5,67.1,1.7,1.75,5.16,3.71E+10,1.51E+11,2.08E+11,1.45E+11,5.26E+09,6.07E+10,6.70E+10,8.07E+10,9.63E+10,8.60E+10,8.09E+10,5.58E+10,4.87E+10,4.22E+09,0,15330000,98.1,0,0,1.8,5839,0,260600,11500000,278400,238400,83700,56420,6.86E+09,6.86E+09,0,7.20E+08,2.69E+11,3594000,9225000,2483000,4525000,47,975,18566,NA,8,5.69
116,Italy,301340,61680122,0.3,8.84,10.1,4.29,4,3.31,82.03,1.42,9.5,0.3,140000,1000,19.8,NA,4.5,35.3,1.81E+12,-1.8,29600,17.4,-2.7,25740000,12.4,31.9,47.6,-3.3,133,1.2,0.75,5.22,1.14E+12,2.15E+12,3.41E+12,4.32E+11,-2.40E+09,4.74E+11,4.36E+11,1.82E+11,2.60E+12,4.66E+11,6.84E+11,2.99E+11,3.07E+11,2.30E+09,4.54E+10,124200000,65,0,18,15.8,112000,6300,1591000,521300000,6600,1454000,628000,393300,7.80E+09,6.87E+10,3.24E+08,6.78E+10,6.24E+10,21656000,97225000,25662000,29235000,129,20255,487700,2400,681,1.69
117,Jamaica,10991,2930050,0.69,18.41,6.67,-4.83,110,13.69,73.48,2.05,5.2,1.7,28400,1300,24.1,3.2,6.1,34,2.51E+10,0.4,9000,10.8,1.5,1261000,16.3,45.5,26.6,-1.8,123.6,9.4,NA,17.63,1.67E+09,5.93E+09,7.20E+09,7.22E+09,-1.58E+09,1.78E+09,5.56E+09,1.90E+09,1.38E+10,NA,NA,3.96E+09,3.07E+09,0,0,1175000,94.8,0,2.1,3,2120,0,22940,0,23120,78520,0,32920,0,0,0,0,0,265000,2665000,3906,1581000,28,NA,22121,NA,14,0.86
119,Japan,377915,127103388,-0.13,8.07,9.38,0,5,2.13,84.46,1.4,9.3,0.1,8100,100,5,NA,3.8,7.9,4.73E+12,2,37100,22.1,1,65620000,4.1,37.6,34.7,-8.2,226.1,0.2,0.3,1.48,5.60E+12,1.31E+13,1.24E+13,3.54E+12,5.66E+10,6.97E+11,7.67E+11,1.27E+12,3.02E+12,2.31E+11,1.18E+12,9.36E+11,8.60E+11,0,0,2.87E+08,63.5,17.1,7.8,2.8,135500,0,3472000,44120000,3862000,4464000,349900,1311000,3.27E+09,1.13E+11,0,1.22E+11,2.09E+10,64273000,138363000,64453000,99182000,175,27182,1210251,1770,684,0.99
120,Jersey,116,96513,0.81,11.65,7.63,4.08,NA,3.86,81.66,1.66,NA,NA,NA,NA,NA,NA,NA,NA,5.10E+09,NA,57000,NA,NA,53380,1.7,NA,16.3,-0.4,NA,3.7,NA,NA,NA,NA,NA,NA,NA,NA,NA,NA,NA,NA,NA,NA,630100000,NA,NA,NA,NA,NA,NA,NA,NA,NA,NA,NA,NA,NA,NA,NA,NA,NA,NA,NA,NA,73800,108000,264,29500,1,NA,576,NA,14,NA
121,Jordan,89342,7930491,3.86,25.23,3.8,17.22,63,15.73,74.1,3.16,8.4,0.1,600,500,30,1.9,NA,29.3,4.00E+10,3.3,6100,29.1,2.8,1898000,14,39.7,20.2,-11.3,79.1,5.9,NA,8.95,1.07E+10,3.72E+10,3.83E+10,2.72E+10,-4.77E+09,7.91E+09,1.86E+10,1.18E+10,2.20E+10,2.67E+10,5.49E+08,1.46E+10,1.35E+10,8.60E+07,1.74E+09,3138000,99.4,0,0.4,0.2,165,0,68320,1.00E+06,72190,107000,0,35600,2.30E+08,1.40E+09,0,8.30E+08,6.03E+09,435000,8984000,69473,1642000,18,507,7203,NA,12,4.65
122,Kazakhstan,2724900,17948816,1.17,19.61,8.31,0.42,51,21.61,70.24,2.34,3.9,0.1,13000,500,23.7,3.7,3.1,3.9,2.44E+11,5,14100,28.8,2.1,9022000,5.3,28.9,19.5,-2.3,15.6,5.8,7.5,6.6,2.45E+10,7.04E+10,8.71E+10,4.33E+10,1.97E+09,8.72E+10,5.20E+10,2.93E+10,1.31E+11,1.24E+11,2.65E+10,9.05E+10,8.81E+10,1.80E+09,3.70E+09,18730000,88.2,0,11.8,0,1606000,1406000,119600,3.00E+10,288600,244200,149800,94430,2.02E+10,1.02E+10,9.70E+09,1.07E+10,2.41E+12,4340000,28731000,67464,5299000,96,15333,97418,4000,11,1.21
123,Kenya,580367,45010056,2.11,28.27,7,-0.22,360,40.71,63.52,3.54,4.5,6.1,1646000,57500,4.2,16.4,6.7,NA,7.99E+10,5.1,1800,10.6,5.1,19670000,40,42.5,17.4,-4.1,53.5,5.8,NA,NA,9.20E+09,1.94E+10,2.31E+10,NA,-4.50E+09,6.58E+09,1.59E+10,5.54E+09,1.20E+10,3.27E+09,335400000,7.33E+09,6.15E+09,3.10E+07,3.10E+07,1698000,41.9,0,44.8,13.3,0,0,31040,0,32240,79410,1266,52160,0,0,0,0,0,251600,30732000,71018,3996000,197,2066,160878,NA,5,1.96
124,Kiribati,811,104488,1.18,21.85,7.18,-2.86,9,35.37,65.47,2.56,10.1,NA,NA,NA,46,NA,12,NA,6.98E+08,2.9,6400,NA,NA,7870,2,NA,32.1,-29.8,NA,0.2,NA,NA,NA,NA,NA,NA,-35010000,7066000,80090000,NA,1.00E+07,NA,NA,2.50E+07,23250000,0,0,5000,100,0,0,0,0,0,0,0,0,300,0,420,0,0,0,0,0,9000,16000,327,7800,19,NA,670,5,77,NA
125,"Korea, North",120538,24851627,0.53,14.51,9.18,-0.04,81,24.5,69.81,1.98,NA,NA,NA,NA,3.9,18.8,NA,NA,4.00E+10,1.3,1800,NA,0.5,12600000,NA,NA,11.4,-0.4,NA,NA,NA,NA,NA,NA,NA,NA,NA,3.95E+09,4.83E+09,NA,3.00E+09,NA,NA,2.10E+10,1.76E+10,0,0,9500000,47.4,0,52.6,0,0,0,10500,0,6965,15000,0,4000,0,1,0,0,0,1180000,1700000,8,NA,82,5242,25554,2250,158,NA
126,"Korea, South",99720,49039986,0.16,8.26,6.63,0,16,3.93,79.8,1.25,7.2,0.1,9500,500,7.7,NA,5,9,1.67E+12,2.8,33200,31.9,2.5,25860000,3.2,31.1,24.7,0.7,35.8,1.1,2.75,5.39,4.65E+11,1.76E+12,1.27E+12,1.08E+12,5.57E+10,5.57E+11,5.17E+11,3.42E+11,4.31E+11,1.52E+11,2.23E+11,4.85E+11,4.50E+11,0,0,84660000,74.5,21.9,2,1.5,0,0,2590000,0,2830000,2301000,944700,794000,424900000,4.97E+10,0,4.73E+10,5.27E+09,30100000,53625000,315697,39400000,111,3381,104983,1600,786,2.8
127,Kosovo,10887,1859203,NA,NA,NA,NA,NA,NA,NA,NA,NA,NA,NA,NA,NA,NA,4.3,55.3,1.41E+10,2.5,7600,12.7,NA,8.00E+05,30.9,30,26.8,-1.8,9.1,1.8,NA,13.7,NA,2.77E+09,2.51E+09,NA,-919700000,4.08E+08,3.40E+09,NA,448200000,2.12E+10,NA,5.85E+09,5.47E+09,371300000,625100000,1526000,NA,NA,NA,NA,NA,NA,NA,NA,0,NA,NA,NA,0,0,NA,NA,NA,106300,562000,NA,NA,6,430,6955,NA,NA,NA
128,Kuwait,17818,2742711,1.7,20.26,2.16,-1.11,14,7.51,77.64,2.53,2.7,0.1,NA,NA,42,2.2,3.8,11.3,1.66E+11,2.3,42100,54.8,4.1,2380000,3.4,NA,63.6,29.2,6.4,2.8,3,5,3.17E+10,1.10E+11,9.06E+10,1.01E+11,6.91E+10,1.12E+11,2.44E+10,3.44E+10,3.44E+10,5.68E+09,6.08E+10,5.56E+10,4.67E+10,0,0,13500000,100,0,0,0,2797000,1395000,0,1.04E+11,915900,339000,656100,0,1.35E+10,1.42E+10,0,6.88E+08,1.80E+12,510000,5526000,2771,1100000,7,NA,6608,NA,34,0
129,Kyrgyzstan,199951,5604212,1.04,23.33,6.74,-6.16,71,28.71,70.06,2.68,6.2,0.3,8700,300,15.5,2.7,6.8,14.6,1.43E+10,7.4,2500,9.1,12,2344000,8.6,33.4,29.4,-4.6,NA,6.8,2.5,28.43,1.48E+09,1.78E+09,1.01E+09,1.65E+08,-1.13E+09,1.88E+09,5.08E+09,2.20E+09,3.86E+09,2.01E+09,39600000,1.49E+10,7.33E+09,2.62E+09,0,3640000,20.1,0,79.9,0,1000,0,0,4.00E+07,0,16640,2433,35040,1.00E+07,462500000,0,3.90E+08,5.66E+09,489000,6800000,115573,2195000,28,470,34000,600,NA,NA
130,Laos,236800,6803699,1.59,24.76,7.74,-1.1,470,54.53,63.51,2.9,2.8,0.3,11500,400,2.6,31.6,2.8,NA,2.08E+10,8.3,3100,27.4,11,3373000,1.9,36.7,24.6,-1.6,46.3,6.5,4,22.3,1.39E+09,4.07E+09,4.72E+09,NA,-484300000,2.31E+09,3.24E+09,845400000,6.69E+09,1.51E+10,NA,3.63E+09,2.40E+09,2.54E+09,1.00E+09,3217000,2.6,0,97.4,0,0,0,0,0,0,3391,0,3160,0,0,0,0,0,112000,6492000,1532,3.00E+05,41,NA,39568,4600,NA,NA
131,Latvia,64589,2165165,-0.62,9.79,13.6,-2.37,34,7.91,73.44,1.35,6.7,0.7,8600,1000,24.9,NA,5,28.4,3.89E+10,4,19100,23.2,4.2,1022000,9.8,35.2,35.9,-0.2,39.2,0.2,3.5,5.52,9.87E+09,1.26E+10,1.74E+10,1.08E+09,-613900000,1.27E+10,1.56E+10,7.22E+09,3.99E+10,1.55E+10,2.21E+09,6.41E+09,6.56E+09,2.76E+09,4.01E+09,2166000,27.2,0,70.9,1.9,1000,0,0,0,0,31340,6146,35930,0,1.52E+09,0,1.58E+09,0,501000,2310000,359604,1504000,42,2239,72440,300,11,0.92
132,Lebanon,10400,5882562,9.37,14.8,4.95,83.82,25,7.98,77.22,1.74,6.3,0.1,3600,500,27.4,4.2,2.2,16.8,6.43E+10,1.5,15800,24.6,3,1481000,NA,NA,21.8,-9.4,120,5,10,7.25,5.42E+09,9.70E+10,8.03E+10,1.02E+10,-3.22E+09,5.83E+09,2.10E+10,5.20E+10,2.67E+10,NA,NA,1.48E+10,1.42E+10,0,1.25E+09,2314000,87.9,0,12.1,0,0,0,0,0,0,106700,0,120400,0,1.50E+08,0,1.50E+08,0,878000,4.00E+06,64926,1.00E+06,8,401,6970,NA,29,4.04
133,Lesotho,30355,1942008,0.34,25.92,14.91,-7.62,620,50.48,52.65,2.78,12.8,23.1,358700,15500,14.6,13.5,13,34.4,4.27E+09,4.1,2200,11.4,4.3,874200,25,63.2,59.5,-0.9,NA,5,10,10.12,425100000,903400000,85420,NA,-518400000,941200000,2.15E+09,857900000,7.94E+08,635700000,NA,2.00E+08,3.07E+08,0,2.47E+08,76000,0,0,100,0,0,0,0,0,0,1777,0,3711,0,0,0,0,0,43100,1312000,11030,76800,24,NA,5940,NA,NA,1.94
134,Liberia,111369,4092310,2.52,35.07,9.9,0,770,69.19,58.21,4.81,19.5,0.9,21800,1700,4.8,20.4,2.8,5.1,2.90E+09,8.1,700,NA,NA,1372000,85,NA,23.5,-2.9,3.3,5.2,NA,13.52,419400000,799500000,705400000,NA,-742400000,929800000,2.46E+09,NA,438100000,4.24E+09,NA,3.35E+08,311600000,0,0,197000,100,0,0,0,0,0,0,0,0,3533,23,3673,0,0,0,0,0,3200,2394000,7,20000,29,429,10600,NA,2771,0.82
135,Libya,1759540,6244174,3.08,18.4,3.57,16.01,58,11.87,76.04,2.07,4.4,0.3,10000,NA,27.8,5.6,NA,NA,7.36E+10,-5.1,11300,14,9.6,1644000,30,NA,58.6,-0.5,4.8,3.2,3,6,4.73E+10,5.19E+10,-5.40E+10,NA,2.73E+09,3.85E+10,2.72E+10,1.21E+11,6.32E+09,1.79E+10,1.78E+10,2.97E+10,2.52E+10,1.29E+08,7.60E+07,6766000,100,0,0,0,1483000,1378000,0,4.80E+10,388300,314000,119000,575,7.86E+09,6.84E+09,3.67E+09,0,1.55E+12,814000,9590000,17926,353900,146,NA,100024,NA,23,NA
136,Liechtenstein,160,37313,0.82,10.53,7.02,4.72,NA,4.33,81.68,1.69,NA,NA,NA,NA,NA,NA,2.1,NA,3.20E+09,1.8,89400,NA,NA,35830,2.3,NA,25.2,-1.6,NA,-0.7,NA,NA,NA,NA,NA,NA,NA,3.80E+09,2.09E+09,NA,0,NA,NA,145300000,1.36E+09,NA,1.21E+09,NA,NA,NA,NA,NA,NA,NA,NA,NA,NA,NA,NA,NA,NA,NA,NA,NA,NA,20000,38000,14278,23000,NA,9,380,28,NA,NA
137,Lithuania,65300,3505738,-0.29,9.36,11.55,-0.73,8,6,75.98,1.29,7,0.1,1200,100,27.6,NA,5.4,26.4,6.74E+10,3.4,22600,16.5,2,1452000,12.4,35.5,31,-2,40.2,1.2,2.06,5.28,1.38E+10,2.06E+10,2.20E+10,4.08E+09,-5.67E+08,3.04E+10,3.25E+10,1.04E+10,2.96E+10,1.66E+10,3.03E+09,1.23E+10,1.03E+10,1.86E+08,1.17E+09,3820000,70.6,0,3.2,5,9111,2181,190100,1.20E+07,197400,70390,155000,16110,0,3.30E+09,0,3.40E+09,0,667300,5.00E+06,1205000,1964000,61,1767,84166,441,38,0.97
138,Luxembourg,2586,520672,1.12,11.75,8.53,7.97,20,4.28,80.01,1.77,7.7,0.3,1000,100,26,NA,3.7,18.8,4.27E+10,0.5,77900,NA,-1,208800,4.9,26,39.5,-1.7,22.9,1.8,1.5,NA,8.49E+10,2.36E+11,9.77E+10,6.76E+10,2.70E+09,1.58E+10,2.31E+10,9.91E+08,2.94E+12,NA,NA,2.07E+09,6.45E+09,2.62E+09,6.68E+09,1723000,28.3,0,2,5.9,0,0,0,0,0,61380,52,56780,0,1.36E+09,0,1.21E+09,0,266700,761300,250900,424500,2,275,2899,37,49,0.6
139,Macau,28,587914,0.83,8.98,4.1,3.4,NA,3.13,84.48,0.93,NA,NA,NA,NA,NA,NA,2.7,5.8,5.17E+10,11.9,88700,NA,17.6,367800,1.8,35,37.6,23.3,NA,5.5,NA,5.25,7.36E+09,5.52E+10,-5.50E+09,4.61E+10,1.87E+10,1.14E+09,1.01E+10,1.62E+10,0,1.89E+10,1.17E+09,413700000,4.29E+09,0,4.06E+09,472000,100,0,0,0,0,0,0,0,0,7376,0,5780,0,355000,0,371000,0,162500,1613000,327,270200,1,NA,413,NA,NA,NA
140,Macedonia,25713,2091719,0.21,11.64,9.04,-0.48,10,7.9,75.8,1.59,6.6,0.1,200,100,21.1,1.8,NA,53.9,2.26E+10,3.1,10800,23.2,3.2,960700,28.6,39.2,30.6,-4.1,34.3,2.8,3.75,6.8,1.57E+09,6.29E+09,5.21E+09,2.42E+09,-194100000,4.27E+09,6.60E+09,2.75E+09,7.45E+09,4.70E+09,NA,5.68E+09,6.99E+09,62360000,2.49E+09,1953000,66.4,0,33.2,0.4,0,0,51510,0,17030,17490,6750,21530,0,158600000,0,158600000,0,407900,2235000,62826,1057000,10,699,14038,NA,NA,1.38
141,Madagascar,587041,23201926,2.62,33.12,6.95,0,240,44.88,65.2,4.28,4.1,0.5,58800,6200,1.6,36.8,2.7,2.3,2.20E+10,2.6,1000,-3.7,4,9504000,NA,47.5,20.1,-2.3,NA,8.8,NA,56.25,1.84E+09,3.16E+09,1.66E+09,NA,-1.95E+09,644400000,2.79E+09,1.25E+09,3.36E+09,NA,NA,1.21E+09,1.13E+09,0,0,430000,65.6,0,34.4,0,0,0,0,0,0,17480,365,12120,0,0,0,0,2.01E+09,143700,8564000,38392,319900,83,854,34476,600,1,0.69
142,Malawi,118484,17377468,3.33,41.8,8.74,0.25,460,48.01,59.99,5.66,8.4,10.8,1129800,45600,4.3,13.8,5.4,NA,1.50E+10,5,900,8.2,2.8,5747000,NA,39,36.6,-1.4,50.8,26.9,15,32.4,585300000,1.49E+09,1.24E+09,1.38E+09,-280100000,1.43E+09,2.42E+09,364200000,1.56E+09,NA,NA,1.97E+09,1.84E+09,0,0,287000,0.3,0,99.7,0,200,0,0,0,0,12060,0,6059,0,0,0,0,0,227300,4420000,1099,716400,32,797,15450,700,NA,0.93
143,Malaysia,329847,30073353,1.47,20.06,5,-0.34,29,13.69,74.52,2.58,3.6,0.4,82000,5200,14,12.9,5.9,10.3,5.25E+11,4.7,17500,32.3,5,13190000,3.1,46.2,21,-4.4,54.6,2.2,2.83,4.7,9.70E+10,4.40E+11,4.21E+11,3.95E+11,1.67E+10,2.31E+11,1.93E+11,1.39E+11,1.00E+11,1.43E+11,1.34E+11,1.18E+11,1.12E+11,1.51E+08,3.30E+07,25390000,91.7,0,8.3,0,642700,269000,160500,4.00E+09,568800,542900,176500,175100,6.17E+10,3.26E+10,3.31E+10,1.99E+09,2.35E+12,4589000,41325000,422470,15355000,114,1849,144403,7200,315,1.55
144,Maldives,298,393595,-0.09,15.59,3.84,-12.67,60,24.59,75.15,1.76,8.5,0.1,NA,100,12.9,17.8,6.8,22.2,3.07E+09,3.5,9100,NA,14,159700,28,37.4,28.1,-12.3,NA,5.1,6.96,10.2,547100000,1.30E+09,1.56E+09,NA,-6.00E+08,2.83E+08,1.41E+09,3.56E+08,890800000,NA,NA,301100000,2.80E+08,0,0,62080,99.9,0,0,0.1,0,0,0,0,0,6875,0,6088,0,0,0,0,0,23140,560000,3296,86400,9,NA,88,NA,18,NA
145,Mali,1240192,16455903,3,45.53,13.22,-2.33,540,104.34,54.95,6.16,6.8,0.9,100300,4900,4.3,27.9,4.8,NA,1.89E+10,4.8,1100,15.8,7,3241000,30,40.1,25.2,-0.7,30.5,0.1,4.25,9.3,2.85E+09,3.94E+09,2.23E+09,NA,-9.18E+08,2.58E+09,2.90E+09,NA,3.35E+09,2.75E+09,NA,5.20E+08,483600000,0,0,304000,48.4,0,51.6,0,0,0,0,0,0,4994,0,4698,0,0,0,0,0,112000,14613000,437,249800,25,593,22474,1800,NA,1.44
146,Malta,316,412655,0.33,10.24,8.96,1.99,8,3.59,80.11,1.54,8.5,0.1,500,100,28.8,NA,6.9,14.2,1.12E+10,2.4,29200,13.7,-6.9,190400,6.4,27.1,50.8,5.5,75.3,1,1.5,0.75,8.93E+09,1.54E+10,1.92E+10,3.42E+09,133100000,5.11E+09,7.44E+09,3.77E+08,5.11E+10,1.52E+10,1.44E+09,2.22E+09,2.21E+09,0,0,530000,97.5,0,0,2.5,0,0,0,0,0,19520,14410,36480,0,0,0,0,0,229700,539500,14754,240600,1,NA,3096,NA,1650,0.61
147,Marshall Islands,181,70983,1.72,26.36,4.24,-4.92,NA,21.39,72.58,3.22,16.5,NA,NA,NA,45.4,NA,12.2,NA,4.86E+08,2.3,8700,NA,NA,10480,36,NA,54.6,0.4,NA,12.9,NA,NA,NA,NA,NA,NA,NA,50140000,118700000,NA,8.70E+07,NA,NA,NA,NA,NA,NA,NA,NA,NA,NA,NA,NA,NA,NA,NA,NA,NA,NA,NA,NA,NA,NA,NA,NA,4400,3800,3,2200,15,NA,2028,NA,1593,NA
148,Mauritania,1030700,3516806,2.26,31.83,8.35,-0.85,510,56.06,62.28,4.07,5.4,0.4,10500,800,12.7,19.5,3.7,NA,8.20E+09,6.4,2200,27.4,8,1318000,30,39,40.1,-0.6,NA,4.6,12,17,NA,NA,1.74E+09,NA,-1.24E+09,2.73E+09,3.36E+09,NA,3.23E+09,NA,NA,7.01E+08,651900000,0,0,263000,63.1,0,36.9,0,6577,7337,0,2.00E+07,0,18120,0,12810,0,0,0,0,2.83E+10,65100,4024000,22,75000,30,NA,10628,NA,NA,NA
149,Mauritius,2040,1331155,0.66,13.46,6.85,0,60,10.59,75.17,1.77,5.9,1.2,10500,700,18.5,NA,3.5,23.7,2.10E+10,3.4,16100,32,0.2,637600,8.3,39,21.1,-1.9,58,3.5,NA,8.67,2.48E+09,1.17E+10,1.30E+10,7.67E+09,-1.10E+09,2.79E+09,4.95E+09,3.29E+09,2.89E+09,NA,NA,2.63E+09,2.36E+09,0,0,900200,75.7,0,6.6,17.8,0,0,0,0,0,24710,0,20620,0,0,0,0,0,349100,1485000,51139,290000,5,NA,2149,NA,4,0.19
150,Mexico,1964375,120286655,1.21,19.02,5.24,-1.64,50,12.58,75.43,2.29,6.4,0.2,174300,NA,32.1,2.8,5.1,9.4,1.85E+12,1.2,15600,21,3.5,51480000,4.9,48.3,21.9,-2.5,37.7,4,4.5,4.73,1.74E+11,7.13E+11,4.45E+11,4.09E+11,-1.42E+10,3.71E+11,3.71E+11,1.67E+11,3.55E+11,4.35E+11,1.41E+11,2.96E+11,2.12E+11,1.29E+09,6.03E+08,6.20E+07,76.2,2.2,18.3,3.3,2936000,1460000,0,1.03E+10,1364000,2133000,189100,607400,5.40E+10,5.92E+10,1.10E+07,1.72E+10,4.88E+11,20220000,100786000,16233000,31020000,1714,17166,377660,2900,52,0.59
151,"Micronesia, Federated States of",702,105681,-0.42,20.97,4.25,-20.93,100,21.93,72.35,2.55,13.4,NA,NA,NA,40.6,NA,NA,NA,7.54E+08,0.6,7300,NA,NA,15920,22,NA,31.6,1.5,NA,3.4,NA,14.35,27220000,118400000,-56770000,NA,-34300000,24900000,132700000,75060000,60800000,NA,NA,1.92E+08,178600000,0,0,NA,NA,NA,NA,NA,NA,NA,NA,NA,NA,NA,NA,NA,NA,NA,NA,NA,NA,8400,27600,4668,17000,6,NA,240,NA,3,NA
152,Moldova,33851,3583288,-1.02,12.21,12.6,-9.8,41,12.93,70.12,1.56,11.4,0.7,18700,1300,21.2,3.2,8.4,13.1,1.33E+10,8.9,3800,16.9,6.8,1206000,5.8,33,37,-1.8,16.6,4.6,4.5,13.34,2.15E+09,4.97E+09,2.98E+09,51460000,-507700000,2.40E+09,5.49E+09,2.81E+09,6.22E+09,3.45E+09,108200000,9.32E+08,4.21E+09,0,3.30E+09,439900,96.4,0,3.6,0,221,0,0,7330,321,15320,552,15280,0,1.10E+09,0,1.10E+09,0,1206000,4080000,711564,1333000,7,1190,9352,558,121,0.3
153,Monaco,2,30508,0.06,6.72,9.01,2.85,NA,1.81,89.57,1.52,4.3,NA,NA,NA,NA,NA,1.6,6.9,6.21E+09,0.9,85500,NA,NA,52490,2,NA,18.2,-1.2,NA,1.5,NA,NA,NA,NA,NA,NA,NA,1.12E+09,1.16E+09,NA,NA,NA,NA,NA,NA,NA,NA,NA,NA,NA,NA,NA,NA,NA,NA,NA,NA,NA,NA,NA,NA,NA,NA,NA,NA,44500,33200,26009,23000,NA,NA,77,NA,64,NA
154,Mongolia,1564116,2953190,1.37,20.88,6.38,-0.85,63,23.15,68.98,2.22,5.3,0.1,500,100,14.4,5.3,5.5,11.9,1.70E+10,11.8,5900,NA,11,1037000,9,36.5,31.1,-8.1,NA,8.2,12.25,18.2,1.22E+09,6.33E+09,3.30E+09,1.58E+09,-3.64E+09,4.29E+09,5.70E+09,NA,4.95E+09,1.69E+09,NA,4.48E+09,3.95E+09,2.20E+07,2.63E+08,833200,99.9,0,0,0.1,9935,5680,0,NA,0,21610,0,17360,0,0,0,0,0,176700,3375000,20084,330000,44,1908,49249,580,57,1.12
155,Montenegro,13812,650036,-0.49,10.59,9.3,NA,8,NA,NA,NA,9.3,NA,NA,NA,22.5,2.2,NA,41.1,7.43E+09,1.5,11900,NA,NA,251300,19.1,24.3,37.2,2.2,52.1,4,NA,9.53,7.49E+08,1.98E+09,3.29E+09,3.32E+09,-1.94E+09,489200000,2.40E+09,4.00E+08,1.70E+09,NA,NA,3.95E+09,3.28E+09,7.30E+08,7.32E+08,868000,24.2,0,75.8,0,0,0,0,0,0,4446,369,3300,0,0,0,0,0,163000,1126000,10088,280000,5,250,7763,NA,2,1.87
156,Montserrat,102,5215,0.48,11.31,6.52,0,NA,13.66,73.9,1.29,NA,NA,NA,NA,NA,NA,NA,NA,43780000,3.5,8500,NA,2,4521,6,NA,NA,NA,NA,4.5,6.5,8.16,19500000,89960000,4074000,NA,NA,3600000,3.00E+07,32080000,8900000,NA,NA,2.40E+07,22320000,0,0,10000,100,0,0,0,0,0,0,0,0,1000,0,569,0,0,0,0,0,3000,4000,2431,1200,1,NA,NA,NA,NA,NA
157,Morocco,446550,32987206,1.02,18.47,4.79,-3.46,100,24.52,76.51,2.15,6,0.1,30000,1200,16.4,3.1,5.4,18.6,1.80E+11,5.1,5500,25.4,1.2,11730000,9.5,40.9,24.9,-8,76.9,2.5,3.31,6.3,7.57E+10,9.08E+10,1.21E+11,6.01E+10,-9.60E+09,1.68E+10,3.87E+10,1.92E+10,3.65E+10,5.18E+10,1.97E+09,2.11E+10,2.36E+10,0,3.94E+09,6620000,69.3,0,19.4,4.3,5057,0,122900,680000,131500,203600,20830,143000,6.00E+07,5.60E+08,0,1.50E+08,1.44E+09,3280000,39016000,277338,13213000,55,2067,58395,NA,26,3.55
158,Mozambique,799380,24692144,2.45,38.83,12.34,-2.02,490,72.42,52.6,5.27,6.6,11.1,1554700,76800,4.9,15.6,5,NA,2.82E+10,7,1200,-5.6,8,10550000,17,45.6,32.8,-8.8,46.7,4.4,3.25,16.81,4.67E+09,6.86E+09,4.44E+09,NA,-5.88E+09,3.92E+09,7.07E+09,2.99E+09,6.28E+09,NA,NA,1.48E+10,1.02E+10,9.46E+09,8.54E+09,2428000,0.1,0,99.9,0,20,0,0,0,992,19580,953,16140,3.82E+09,8.00E+07,3.30E+09,0,1.27E+11,88100,8108000,89737,613600,98,4787,30331,460,2,NA
159,Namibia,824292,2198406,0.67,20.28,13.6,0.05,200,45.64,51.85,2.25,5.3,13.3,220100,5000,9.5,17.5,8.4,40.1,1.78E+10,4.4,8200,NA,5.6,880400,27.4,59.7,35.2,-6.5,27.2,5.5,12,8.7,2.72E+09,7.22E+09,5.94E+09,1.15E+09,-658400000,5.12E+09,7.08E+09,2.27E+09,4.31E+09,NA,NA,1.33E+09,4.24E+09,8.90E+07,2.91E+09,487000,31.8,0,68.2,0,0,0,0,0,0,22990,0,20810,0,0,0,0,6.23E+10,171000,2435000,78280,127500,112,2626,44138,NA,1,3.11
160,Nauru,21,9488,0.56,25.61,5.9,-14.12,NA,8.21,66.4,2.93,9.8,NA,NA,NA,71.1,4.8,NA,NA,6.00E+07,NA,5000,NA,NA,NA,90,NA,NA,NA,NA,NA,NA,NA,NA,NA,NA,NA,NA,64000,NA,NA,33300000,NA,NA,3.50E+07,32550000,0,0,1000,100,0,0,0,0,0,0,0,0,1000,0,1075,0,0,0,0,0,1900,6800,8162,NA,1,NA,30,NA,NA,NA
162,Nepal,147181,30986975,1.82,21.07,6.62,3.71,170,40.43,67.19,2.3,5.4,0.3,48700,4100,1.4,29.1,4.7,NA,4.21E+10,3.6,1500,NA,1.5,1.60E+07,46,32.8,17.1,-3.1,28,NA,6.5,8,3.55E+09,1.15E+10,1.35E+10,3.85E+09,6.48E+08,1.06E+09,6.33E+09,6.57E+09,3.96E+09,1.03E+08,NA,3.43E+09,2.75E+09,3.00E+07,6.94E+08,721000,7.9,0,92.1,0,0,0,0,0,0,18430,0,21960,0,0,0,0,0,834000,18138000,41256,577800,47,59,10844,NA,NA,NA
163,Netherlands,41543,16877351,0.42,10.83,8.57,1.97,6,3.66,81.12,1.78,12,0.2,22000,100,18.8,NA,5.9,9.5,7.00E+11,-0.8,43300,26.2,0.5,7939000,8.3,30.9,43.7,-3.3,74.3,2.5,1.5,2.65,4.01E+11,1.17E+12,1.74E+12,6.51E+11,6.59E+10,5.77E+11,5.11E+11,7.20E+10,2.35E+12,6.46E+11,1.03E+12,9.86E+10,1.17E+11,1.50E+10,3.33E+10,29920000,85.1,1.6,0.1,13.2,29400,35500,1202000,3.52E+08,1248000,1010000,2138000,2079000,8.15E+10,4.41E+10,6.34E+10,2.47E+10,1.09E+12,7086000,19643000,13699000,14872000,29,3013,139295,6237,744,1.27
164,New Caledonia,18575,267840,1.42,15.57,5.45,4.06,NA,5.46,77.31,1.99,NA,NA,NA,NA,NA,NA,NA,NA,9.28E+09,0.6,37700,NA,8,106400,17.1,NA,NA,NA,NA,1.7,NA,NA,NA,NA,NA,NA,NA,1.32E+09,3.25E+09,NA,7.90E+07,NA,NA,1.98E+09,1.84E+09,0,0,499000,76.8,0,15.6,7.6,0,0,0,0,0,13640,117,14670,0,0,0,0,0,80000,231000,34231,85000,25,NA,5622,NA,3,NA
165,New Zealand,267710,4401916,0.83,13.4,7.3,2.23,15,4.59,80.93,2.05,10.1,0.1,2500,100,28.3,NA,7.4,17.7,1.36E+11,2.5,30400,15.9,1.9,2413000,6.4,36.2,38.2,-1.9,38.4,1.3,5,5.82,3.00E+10,9.13E+10,2.56E+11,7.17E+10,-8.36E+09,3.78E+10,3.74E+10,2.00E+10,8.14E+10,8.42E+10,5.91E+10,4.35E+10,4.08E+10,0,0,9679000,31.7,0,54.2,14,48190,47290,99810,81400000,109700,148900,2471,41170,4.59E+09,4.54E+09,0,0,2.94E+10,1880000,4922000,3026000,3400000,123,4128,94160,NA,15,1.13
166,Nicaragua,130370,5848641,1.02,18.41,5.07,-3.13,95,20.36,72.72,1.99,10.1,0.3,9600,100,22.2,5.7,4.6,8.6,2.80E+10,4.6,4500,NA,3,3039000,7.2,40.5,25.6,-0.3,50.4,5.7,NA,NA,9.61E+08,4.45E+09,4.27E+09,NA,-1.58E+09,2.40E+09,5.65E+09,1.99E+09,4.53E+09,NA,NA,4.16E+09,2.94E+09,4.30E+07,1.00E+07,1275000,57.6,0,8.3,34.1,0,0,12910,0,15870,30690,1000,15830,0,0,0,0,0,320000,5346000,296068,199800,147,NA,23897,2220,NA,0.63
167,Niger,1267000,17466172,3.28,46.12,12.73,-0.58,590,86.27,54.74,6.89,5.3,0.5,46300,3400,2.4,39.9,4.2,3.2,1.40E+10,6.2,800,23.7,5.7,4688000,NA,34,26.2,-2.4,NA,1.9,4.75,4,1.39E+09,1.74E+09,992700000,NA,-1.45E+09,1.54E+09,2.31E+09,NA,1.56E+09,NA,NA,2.50E+08,832500000,0,6.00E+08,134000,100,0,0,0,20000,0,0,NA,0,5629,0,5136,0,0,0,0,0,100500,5400000,454,115900,30,NA,18949,300,NA,1.06
168,Nigeria,923768,177155754,2.47,38.03,13.16,-0.22,630,74.09,52.62,5.25,5.3,3.1,3426600,239700,6.5,24.4,NA,NA,4.79E+11,6.2,2800,15.5,0.9,51530000,23.9,43.7,4.8,-1.5,19.3,8.7,6,16.79,4.65E+10,9.88E+10,9.35E+10,3.93E+10,1.62E+10,9.36E+10,5.60E+10,4.77E+10,1.57E+10,8.46E+10,9.21E+09,2.49E+10,2.04E+10,0,0,5900000,67.1,0,32.8,0,2524000,2341000,0,3.72E+10,101300,271600,18750,151700,3.14E+10,5.03E+09,2.60E+10,0,5.15E+12,418200,112780000,1234,43989000,54,3505,193200,8600,89,0.89
169,Niue,260,1190,-0.03,NA,NA,NA,NA,NA,NA,NA,14.6,NA,NA,NA,NA,NA,NA,NA,10010000,6.2,5800,NA,NA,663,12,NA,NA,-12.6,NA,4,NA,NA,NA,NA,NA,NA,NA,201400,9038000,NA,418000,NA,NA,3.00E+06,2790000,0,0,1000,100,0,0,0,0,0,0,0,0,0,0,23,0,0,0,0,0,NA,NA,79508,1100,1,NA,120,NA,NA,NA
170,Norfolk Island,36,2210,0.01,NA,NA,NA,NA,NA,NA,NA,NA,NA,NA,NA,NA,NA,NA,NA,NA,NA,NA,NA,NA,978,NA,NA,NA,NA,NA,NA,NA,NA,NA,NA,NA,NA,NA,NA,NA,NA,NA,NA,NA,NA,NA,NA,NA,NA,NA,NA,NA,NA,NA,NA,NA,NA,NA,NA,NA,NA,NA,NA,NA,NA,NA,NA,NA,128,NA,1,NA,80,NA,NA,NA
171,Northern Mariana Islands,464,51483,1.13,18.94,3.61,-4.02,NA,5.5,77.64,2.01,NA,NA,NA,NA,NA,NA,NA,5.9,7.33E+08,NA,13600,NA,NA,38450,11.2,NA,35.5,-7.9,NA,-2.7,NA,NA,NA,NA,NA,NA,NA,98200000,214400000,NA,NA,NA,NA,60600,48300,0,0,NA,NA,NA,NA,NA,NA,NA,NA,NA,NA,NA,NA,NA,NA,NA,NA,NA,NA,NA,NA,17,NA,5,NA,536,NA,NA,NA
172,Norway,323802,5147792,1.19,12.09,8.19,7.96,7,2.48,81.6,1.86,9.1,0.1,4000,100,21.5,NA,6.9,8.6,2.82E+11,1.6,55400,38.2,-3,2707000,3.6,25,56.8,13.1,30.1,1.9,1.75,3.7,1.46E+11,3.13E+11,7.06E+11,2.19E+11,6.74E+10,1.54E+11,9.01E+10,5.19E+10,7.21E+11,2.75E+11,2.64E+11,1.25E+11,1.21E+11,2.22E+10,4.17E+09,30180000,2,0,91.7,1.9,1902000,1602000,11320,5.37E+09,307700,255200,349600,1.00E+05,1.15E+11,5.51E+09,1.07E+11,0,2.07E+12,1465000,5732000,3588000,4431000,95,4237,93870,1577,585,1.4
173,Oman,309500,3219775,2.06,24.47,3.38,-0.45,32,14,74.97,2.86,2.3,0.1,1100,100,20.9,8.6,4.3,NA,9.49E+10,5.1,29800,36.2,3.5,968800,15,NA,42,-1.3,4.4,1.6,0.05,5.65,9.54E+09,7.14E+10,3.00E+10,1.97E+10,7.25E+09,5.62E+10,3.08E+10,1.77E+10,1.08E+10,NA,NA,1.86E+10,1.53E+10,0,0,4265000,100,0,0,0,923800,705100,0,5.50E+09,164600,98000,47710,2390,3.59E+10,1.75E+10,1.09E+10,1.95E+09,8.50E+11,305000,5278000,14531,1465000,132,NA,60240,NA,5,8.61
174,Pakistan,796095,196174380,1.49,23.19,6.58,-1.69,260,57.48,67.05,2.86,2.5,0.1,86700,3500,5.5,30.9,2.1,7.7,5.74E+11,3.6,3100,12.7,3.5,59210000,6.6,30.6,12.6,-7.7,54.6,7.7,14,12.41,7.20E+10,9.31E+10,1.07E+11,NA,-2.36E+09,2.51E+10,3.93E+10,1.12E+10,5.24E+10,2.43E+10,1.57E+09,9.47E+10,7.01E+10,0,0,22270000,68.3,2.1,29.6,0,61660,0,151200,247500000,210100,426700,34660,227100,3.92E+10,4.29E+10,0,0,6.80E+11,5803000,1.25E+08,365813,20431000,151,7791,262256,NA,11,3.04
175,Palau,459,21186,0.37,10.95,7.93,0.66,NA,11.46,72.6,1.71,10.6,NA,NA,NA,48.9,NA,7.3,NA,245500000,3.5,10500,NA,NA,9777,4.2,NA,40.3,-2.4,NA,2.7,NA,NA,NA,NA,NA,NA,-20800000,12300000,113400000,NA,0,NA,NA,NA,NA,NA,NA,NA,NA,NA,NA,NA,NA,NA,NA,NA,NA,NA,NA,NA,NA,NA,NA,NA,NA,7300,17150,4,NA,3,NA,NA,NA,NA,NA
176,Panama,75420,3608431,1.35,18.61,4.77,-0.32,92,10.7,78.3,2.38,8.2,0.7,16700,600,25.4,3.9,3.5,14.6,6.15E+10,7.5,16500,NA,9.2,1540000,4.5,51.9,25.4,-2.6,39.8,4.1,NA,6.91,8.98E+09,2.97E+10,3.56E+10,1.07E+10,-5.06E+09,1.89E+10,2.66E+10,2.67E+09,1.52E+10,3.29E+10,3.23E+09,7.26E+09,6.21E+09,3.90E+07,7.20E+07,1976000,52.6,0,47.4,0,0,0,0,0,0,98890,0,111100,0,0,0,0,0,640000,6770000,11022,959800,117,76,15137,800,6413,NA
177,Papua New Guinea,462840,6552730,1.84,24.89,6.53,0,230,39.67,66.85,3.24,4.3,0.5,24900,1000,16.2,18.1,NA,NA,2.00E+10,5.4,2900,-1.9,5.5,4077000,1.9,50.9,27.1,-4.6,28.1,3.8,6.92,10.82,4.83E+09,7.37E+09,4.10E+09,9.00E+09,-2.40E+09,5.39E+09,4.59E+09,2.93E+09,1.36E+10,NA,NA,3.35E+09,3.12E+09,0,0,7.00E+05,61.1,0,30.9,8,27490,28400,14880,154300000,17330,36320,3536,5937,1.00E+08,1.10E+08,0,0,1.55E+11,139000,2709000,5006,125000,561,NA,9349,11000,31,0.54
179,Paraguay,406752,6703860,1.19,16.66,4.64,-0.08,99,20.75,76.8,1.96,9.7,0.3,13100,300,17.9,3.4,4.8,11.2,4.59E+10,12,6800,NA,5.6,3190000,6.6,53.2,18.9,-1.6,15.7,2.3,6,29.1,4.36E+09,8.22E+09,1.10E+10,958100000,1.38E+09,1.47E+10,1.24E+10,6.34E+09,7.01E+09,4.53E+09,213600000,5.35E+10,6.78E+09,4.61E+10,0,8816000,0.1,0,99.9,0,2000,0,0,0,0,26820,0,31290,0,0,0,0,0,376000,6790000,280658,1105000,799,36,32059,3100,19,1.66
180,Peru,1285216,30147935,0.99,18.57,5.99,-2.69,67,20.21,73.23,2.22,4.8,0.4,75500,4100,15.7,4.5,2.8,9.5,3.44E+11,5.1,11100,22.2,5,16160000,3.6,48.1,29,1,14.9,2.9,5.05,19.23,3.22E+10,8.09E+10,3.80E+10,1.22E+11,-1.03E+10,4.15E+10,4.21E+10,6.52E+10,5.02E+10,7.66E+10,3.17E+09,3.84E+10,3.43E+10,1.12E+08,0,8613000,60.1,0,39.9,0,160400,15610,99590,579200000,159500,206900,82080,43480,3.24E+10,5.49E+09,8.73E+09,0,3.60E+11,3420000,29400000,234102,9158000,191,1907,140672,8808,22,1.28
181,Philippines,3.00E+05,107668231,1.81,24.24,4.92,-1.23,99,17.64,72.48,3.06,4.1,0.1,14800,300,6.3,20.2,2.7,16.3,4.54E+11,6.8,4700,22.9,9,41330000,7.4,44.8,14.3,-1.8,50.2,2.8,5.6,5.68,4.37E+10,1.38E+11,1.50E+11,1.98E+11,7.51E+09,4.75E+10,6.39E+10,8.50E+10,7.28E+10,3.33E+10,9.44E+09,6.75E+10,5.68E+10,0,0,16360000,66.9,0,20.8,12.3,25240,20090,182000,138500000,181300,315600,17810,147900,3.91E+09,2.86E+09,0,0,9.85E+10,3939000,1.03E+08,425812,8278000,247,995,213151,3219,446,1.19
183,Poland,312685,38346279,-0.11,9.77,10.37,-0.47,5,6.19,76.65,1.33,6.7,0.1,27000,200,25.3,NA,5.2,26.5,8.14E+11,1.3,21100,16.8,5.2,18220000,10.3,34.1,18,0,48.2,1,4,8.73,1.62E+11,2.91E+11,3.45E+11,1.38E+11,-1.11E+10,2.02E+11,2.07E+11,1.08E+11,3.65E+11,2.48E+11,6.98E+10,1.53E+11,1.55E+11,1.26E+10,9.80E+09,33360000,89.2,0,2.8,3.7,27680,3615,547900,156500000,636000,576600,68970,137700,6.19E+09,1.44E+10,2.50E+10,3.74E+10,9.20E+10,6125000,50840000,13265000,22452000,126,19428,412035,3997,9,1.91
184,Portugal,92090,10813834,0.12,9.42,10.97,2.74,8,4.48,79.01,1.52,10.4,0.6,42000,500,24,NA,5.6,37.6,2.43E+11,-1.8,22900,15.4,-1,5395000,16.8,38.5,43.5,-5.1,127.8,0.4,1.5,6.37,8.66E+10,2.84E+11,4.08E+11,6.17E+10,1.00E+09,6.10E+10,5.90E+10,2.27E+10,5.08E+11,1.22E+11,7.13E+10,4.99E+10,5.03E+10,2.87E+09,1.08E+10,18920000,49,0,21.5,24.1,5250,0,222300,0,252200,259700,61010,84080,4.90E+09,5.14E+09,0,5.19E+09,0,4558000,12312000,3748000,5168000,64,3319,82900,210,109,1.29
185,Puerto Rico,13790,3620897,-0.65,10.9,8.51,-8.93,20,7.73,79.09,1.64,NA,NA,NA,NA,NA,NA,NA,26.6,6.48E+10,-5.8,16300,NA,0.5,1286000,16,NA,7.2,-3.1,96.5,0.9,NA,NA,NA,NA,NA,NA,NA,6.98E+10,4.73E+10,NA,5.68E+10,NA,NA,2.00E+10,1.94E+10,0,0,5571000,97.2,0,2.8,0,674,0,0,0,0,151600,0,176000,0,7.70E+08,0,7.50E+08,0,780200,3060000,469,1.00E+06,29,NA,26862,NA,NA,NA
186,Qatar,11586,2123160,3.58,9.95,1.53,27.35,7,6.42,78.38,1.92,1.9,0.1,200,100,33.2,NA,2.5,1.3,1.99E+11,5.5,102100,54.1,2.9,1424000,0.3,NA,38.8,9.1,30.6,3.1,4.93,5.38,3.00E+10,1.36E+11,1.70E+11,1.25E+11,4.76E+10,1.27E+10,3.96E+10,4.01E+10,1.49E+11,3.35E+10,2.89E+10,3.23E+10,2.05E+10,0,0,7830000,100,0,0,0,1579000,1389000,0,2.54E+10,287500,189700,210000,0,1.33E+11,1.95E+10,1.14E+11,0,2.52E+13,327000,2600000,897,563800,6,NA,9830,NA,28,NA
187,Romania,238391,21729871,-0.29,9.27,11.88,-0.24,27,10.16,74.69,1.32,5.9,0.1,16000,1000,19.1,3.5,4.2,22.7,2.89E+11,3.5,14400,24.1,8,9451000,7.3,27.4,31.8,-2.5,38.6,3.2,5.25,11.49,3.08E+10,7.42E+10,9.18E+10,3.17E+10,-1.99E+09,6.58E+10,7.34E+10,4.88E+10,1.32E+11,8.40E+10,1.46E+09,5.67E+10,5.24E+10,1.15E+09,1.40E+09,21770000,55.1,6.5,30.1,8.6,101600,1604,122000,6.00E+08,218700,218200,75480,44070,1.06E+10,1.35E+10,0,2.85E+09,1.06E+11,4680000,22700000,2667000,7787000,45,10777,84185,1731,5,1.29
188,Russia,17098242,142470272,-0.03,11.87,13.83,1.69,34,7.08,70.16,1.61,6.2,1,980000,NA,26.5,NA,4.1,14.8,2.55E+12,1.3,18100,28.3,0.1,75290000,5.8,42,20.7,-0.5,7.9,6.8,8,9.1,4.53E+11,1.06E+12,9.47E+11,7.96E+11,7.48E+10,5.15E+11,3.41E+11,5.16E+11,7.14E+11,5.53E+11,4.39E+11,1.06E+12,1.04E+12,1.91E+10,2.66E+09,223100000,67.7,17.8,15.1,0,10440000,4720000,16380,8.00E+10,4812000,3196000,2920000,24300,6.70E+11,4.57E+11,1.96E+11,3.25E+10,4.78E+13,42900000,261900000,14865000,40853000,1218,87157,1283387,102000,1143,4.47
189,Rwanda,26338,12337138,2.63,34.61,9.18,0.9,340,59.59,59.26,4.62,10.8,2.9,206900,5600,4.3,11.7,5.1,NA,1.64E+10,7.5,1500,12.6,6,4446000,NA,46.8,23.6,-4.3,23.5,5.9,11.25,17.5,791600000,1.45E+09,717300000,NA,-667900000,538300000,1.94E+09,1.35E+09,1.66E+09,900100000,12900000,280200000,319600000,3.00E+06,6.20E+07,57250,52.4,0,47.2,0.4,10,0,0,0,0,5245,0,5302,0,0,0,0,5.66E+10,44400,5690000,1447,450000,7,NA,4700,NA,NA,1.12
191,"Saint Helena, Ascension, and Tristan da Cunha",308,7776,0.27,10.03,7.33,0,NA,14.71,79.21,1.58,NA,NA,NA,NA,NA,NA,NA,NA,31100000,NA,7800,NA,NA,2486,14,NA,NA,NA,NA,4,NA,NA,NA,NA,NA,NA,NA,1.90E+07,20530000,NA,NA,NA,NA,8.00E+06,7440000,0,0,5000,100,0,0,0,0,0,0,0,0,100,0,63,0,0,0,0,0,3000,NA,6729,900,1,NA,198,NA,NA,NA
192,Saint Kitts and Nevis,261,51538,0.78,13.64,7.08,1.22,NA,8.98,75.29,1.78,4.4,NA,NA,NA,40.7,NA,4.2,NA,9.52E+08,1.9,16300,32.1,0.5,18170,4.5,NA,29,4.8,83,2.2,6.5,8.73,218500000,8.67E+08,814800000,598400000,-133100000,57300000,355400000,NA,158900000,NA,NA,1.35E+08,125600000,0,0,55000,100,0,0,0,0,0,0,0,0,1496,0,1784,0,0,0,0,0,20000,84000,54,17000,2,50,383,NA,152,NA
193,Saint Lucia,616,163362,0.35,13.94,7.32,-3.13,35,11.75,77.41,1.77,7.2,NA,NA,NA,21.4,NA,4.1,40.8,2.22E+09,0.2,13100,17.4,2.6,79700,20,NA,13.4,-2.7,77,5.3,6.5,9.5,270300000,1.07E+09,1.70E+09,NA,-210200000,206800000,592700000,NA,446400000,NA,NA,3.62E+08,332900000,0,0,76000,100,0,0,0,0,0,0,0,0,2922,0,2914,0,0,0,0,0,36800,227000,100,142900,2,NA,1210,NA,NA,NA
195,Saint Pierre and Miquelon,242,5716,-1.02,7.7,9.27,-8.57,NA,6.95,80.26,1.56,NA,NA,NA,NA,NA,NA,NA,NA,215300000,NA,34900,NA,NA,3194,9.9,NA,32.5,4.6,NA,4.5,NA,NA,NA,NA,NA,NA,NA,6641000,95350000,NA,NA,NA,NA,5.30E+07,49290000,0,0,26600,97.7,0,0,2.3,0,0,0,0,0,974,0,584,0,0,0,0,0,4800,NA,15,NA,2,NA,117,NA,NA,NA
196,Saint Vincent and the Grenadines,389,102918,-0.29,13.85,7.12,-9.6,48,13.07,74.86,1.84,4.9,NA,NA,NA,23.4,NA,5.1,NA,1.34E+09,2,12100,-4.7,3,57520,18.8,NA,25,0,68,2.8,6.5,9.43,142200000,460400000,423200000,NA,-207700000,45700000,301500000,1.15E+08,255300000,NA,NA,1.36E+08,126500000,0,0,47000,85.1,0,14.9,0,0,0,0,0,0,1948,0,1474,0,0,0,0,0,19400,135500,305,76000,6,NA,829,NA,412,NA
197,Samoa,2831,196628,0.59,21.29,5.32,-10.12,100,20.5,73.21,2.94,7,NA,NA,NA,54.1,NA,5.8,16.1,1.15E+09,0.1,6200,NA,-4.8,47930,NA,NA,30.6,-6.1,NA,2.7,NA,9.86,97800000,305800000,301900000,NA,-76110000,11400000,318700000,168700000,368300000,NA,NA,120200000,111800000,0,0,41100,70.6,0,29.2,0.2,0,0,0,0,0,1070,0,1149,0,0,0,0,0,35300,167400,18013,9000,4,NA,2337,NA,2,NA
198,San Marino,61,32742,0.87,8.7,8.31,8.31,NA,4.52,83.18,1.49,7.2,NA,NA,NA,NA,NA,NA,NA,1.31E+09,-3.5,NA,NA,-1.1,21960,7,NA,35.8,-2.9,25.8,2.8,NA,5.38,NA,4.58E+09,8.82E+09,NA,NA,3.83E+09,2.55E+09,308600000,NA,NA,NA,NA,NA,NA,NA,NA,NA,NA,NA,NA,NA,NA,NA,NA,NA,NA,NA,NA,NA,NA,NA,NA,NA,18700,36000,11015,17000,NA,NA,292,NA,NA,NA
199,Sao Tome and Principe,964,190428,1.89,35.12,7.45,-8.79,70,49.16,64.22,4.67,7.7,1,1400,100,9.5,14.4,9.5,NA,4.21E+08,4.5,2200,32.7,4,52490,NA,NA,27,-11.7,65.5,8.7,28,26,47430000,109900000,97370000,NA,-5.90E+07,12100000,112800000,46600000,406800000,NA,NA,3.00E+07,27900000,0,0,14000,57.1,0,42.9,0,0,0,0,0,0,904,0,889,0,0,0,0,0,8000,122000,1678,26700,2,NA,320,NA,3,NA
200,Saudi Arabia,2149690,27345986,1.49,18.78,3.32,-0.59,24,14.58,74.82,2.17,3.7,0.01,NA,NA,33,5.3,5.1,28.3,9.28E+11,3.6,31300,45,2.7,8412000,10.5,NA,42.1,6.2,12.2,3.7,NA,6.8,2.64E+11,4.16E+11,-5.23E+10,3.39E+11,1.32E+11,3.76E+11,1.47E+11,7.40E+11,1.49E+11,2.41E+11,2.61E+10,2.39E+11,1.91E+11,0,0,49050000,100,0,0,0,11730000,6880000,0,2.68E+11,1935000,2817000,1471000,196700,1.03E+11,9.92E+10,0,0,8.15E+12,4800000,5.30E+07,145941,9774000,214,1378,221372,NA,72,7.98
201,Senegal,196722,13635927,2.48,35.09,8.65,-1.66,370,52.72,60.95,4.52,6,0.5,42800,1900,6.8,14.4,5.6,14.8,2.77E+10,4,2100,22.4,3,6096000,48,41.3,23.2,-5.3,38.4,0.8,4.25,14.3,3.81E+09,6.19E+09,4.57E+09,NA,-1.29E+09,2.69E+09,5.61E+09,2.15E+09,4.38E+09,NA,NA,2.77E+09,2.22E+09,0,0,638000,99.7,0,0,0.3,0,0,15500,0,15100,40600,562,23760,2.00E+07,2.00E+07,0,0,0,338200,11470000,237,1818000,20,906,14008,1000,1,NA
202,Serbia,77474,7209764,-0.46,9.13,13.71,0,12,6.16,75.02,1.42,10.4,0.1,6400,100,24.8,1.6,4.8,51.1,8.05E+10,2,11100,26.7,5.5,1703000,20.1,38,40,-4.9,61.2,2.2,11.75,14.99,4.63E+09,2.05E+10,2.55E+10,7.45E+09,-1.81E+09,1.46E+10,2.05E+10,1.59E+10,3.36E+10,2.64E+10,NA,3.77E+10,2.80E+10,5.71E+09,5.84E+09,7379000,57.5,0,39,3.5,24500,0,33330,77500000,65720,72770,16060,31120,484700000,2.83E+09,0,2.45E+09,4.81E+10,2977000,9138000,1102000,4107000,26,3809,44248,587,NA,2.21
203,Seychelles,455,91650,0.87,14.54,6.9,1,NA,10.77,74.25,1.88,3.8,NA,NA,NA,23.9,NA,3.6,20.3,2.40E+09,3.3,25900,18.7,3.7,39560,2,NA,40.7,2,51.8,4.3,NA,12.19,380700000,584400000,617600000,NA,-1.40E+08,516700000,846400000,362400000,1.72E+09,NA,NA,2.83E+08,263200000,0,0,89000,100,0,0,0,0,0,0,0,0,7793,0,6316,0,0,0,0,0,28900,138300,247,32000,14,NA,508,NA,9,0.89
204,Sierra Leone,71740,5743725,2.33,37.4,11.03,-3.12,890,73.29,57.39,4.83,18.8,1.5,57700,3300,6.8,18.6,2.9,NA,9.16E+09,13.3,1400,27.8,42,2207000,NA,62.9,13.3,-3,31.1,11.1,NA,21,355700000,1.00E+09,567700000,NA,-463300000,1.56E+09,1.64E+09,NA,1.33E+09,2.39E+09,NA,1.45E+08,134900000,0,0,102000,47.1,0,52.9,0,25,0,0,0,0,8768,0,9373,0,0,0,0,0,18000,2210000,282,14900,8,NA,11300,800,215,0.72
205,Singapore,697,5567301,1.92,8.1,3.42,14.55,3,2.53,84.38,0.8,4.6,0.1,3400,100,7.1,3.3,3,6.7,3.39E+11,4.1,62400,44.6,1.7,3444000,1.9,46.3,15.4,1.3,105.5,2.4,NA,5.38,1.24E+11,5.20E+11,4.66E+11,7.09E+11,5.44E+10,4.10E+11,3.73E+11,2.73E+11,1.17E+12,5.86E+11,3.68E+11,4.80E+10,4.32E+10,0,0,10250000,99.8,0,0,0.2,20170,0,1137000,0,1357000,1380000,0,1360000,0,8.78E+09,0,8.78E+09,0,1990000,8063000,1960000,3235000,9,NA,3425,NA,1599,3.52
206,Sint Maarten,34,39689,1.51,13,4.51,6.63,NA,9.05,77.61,2.09,NA,NA,NA,NA,NA,NA,NA,NA,798300000,4,15400,NA,NA,23200,12,NA,NA,NA,NA,4,NA,NA,NA,NA,NA,NA,NA,NA,NA,NA,NA,NA,NA,304300000,NA,NA,NA,NA,NA,NA,NA,NA,NA,NA,NA,NA,NA,NA,NA,NA,NA,NA,NA,NA,NA,NA,NA,NA,NA,1,NA,53,NA,NA,NA
207,Slovakia,49035,5443583,0.03,10.01,9.7,0.01,6,5.35,76.69,1.39,9,0.1,500,100,25.4,NA,4.2,34,1.33E+11,0.8,24700,21.1,6.5,2727000,14.4,26,33.4,-3.4,55.5,1.7,1.75,3.47,3.85E+10,5.99E+10,7.26E+10,NA,3.32E+09,8.27E+10,7.80E+10,2.26E+09,6.84E+10,6.40E+10,1.12E+10,2.44E+10,2.63E+10,1.31E+10,1.39E+10,7855000,42.2,23.2,20.4,2.6,9277,263,108400,9.00E+06,129600,83910,70520,28380,1.05E+08,6.47E+09,4.54E+10,5.02E+10,1.42E+10,975000,6095000,1384000,4063000,35,3622,43916,172,11,1.12
208,Slovenia,20273,1988292,-0.23,8.54,11.25,0.37,12,4.04,77.83,1.33,9,0.1,1000,100,28.6,NA,5.7,20.6,5.74E+10,-1.1,27400,22.4,-0.6,913400,13.1,23.7,41.8,-4.4,71.7,1.8,1.5,5.7,1.19E+10,2.54E+10,4.28E+10,6.31E+09,2.95E+09,2.87E+10,2.95E+10,8.89E+08,5.25E+10,1.47E+10,7.45E+09,1.57E+10,1.27E+10,8.36E+09,7.45E+09,3351000,36.6,20.5,37.4,5.5,305,0,0,0,0,52930,14210,68320,2.00E+06,6.80E+08,1.18E+09,8.70E+08,NA,825000,2246000,415581,1298000,16,1228,38985,NA,24,1.18
209,Solomon Islands,28896,609883,2.07,26.33,3.86,-1.78,93,16.17,74.89,3.36,8.8,NA,NA,NA,30,11.5,7.3,NA,1.96E+09,4,3400,NA,14,202500,NA,NA,39.8,2.5,NA,2.6,NA,11.28,335300000,417900000,41380000,NA,-1200000,493100000,4.46E+08,NA,255500000,NA,NA,8.20E+07,76260000,0,0,36000,100,0,0,0,0,0,0,0,0,1728,0,1463,0,0,0,0,0,8060,302100,4370,10000,36,NA,1390,NA,NA,NA
210,Somalia,637657,10428043,1.75,40.87,13.91,-9.51,1000,100.14,51.58,6.08,NA,0.5,31200,2500,4.8,32.8,NA,NA,5.90E+09,2.6,600,NA,NA,3447000,NA,NA,NA,NA,NA,NA,NA,NA,NA,NA,NA,NA,NA,515800000,1.26E+09,NA,3.05E+09,NA,NA,3.10E+08,288300000,0,0,80000,100,0,0,0,0,0,0,0,0,5659,0,5399,0,0,0,0,5.66E+09,1.00E+05,658000,186,106000,61,NA,22100,NA,1,NA
211,South Africa,1219090,48375645,-0.48,18.94,17.49,-6.27,300,41.61,49.56,2.23,8.5,17.9,6070800,235100,31.3,8.7,6,51.5,5.96E+11,2,11500,15.1,0.9,18540000,24.9,63.1,25,-4.8,45.4,5.8,7,8.75,1.10E+11,1.98E+11,2.53E+11,8.56E+11,-2.38E+10,9.11E+10,9.96E+10,4.85E+10,1.39E+11,1.43E+11,8.77E+10,2.58E+11,2.34E+11,1.50E+10,1.19E+10,44260000,90.8,4.1,1.5,0.5,181000,0,385100,1.50E+07,437600,590900,80460,79010,1.28E+09,4.01E+09,0,3.30E+09,1.60E+10,4030000,68400000,4761000,4420000,566,20192,364131,NA,3,1
212,South Georgia and South Sandwich Islands,3903,NA,NA,NA,NA,NA,NA,NA,NA,NA,NA,NA,NA,NA,NA,NA,NA,NA,NA,NA,NA,NA,NA,NA,NA,NA,NA,NA,NA,NA,NA,NA,NA,NA,NA,NA,NA,NA,NA,NA,NA,NA,NA,NA,NA,NA,NA,NA,NA,NA,NA,NA,NA,NA,NA,NA,NA,NA,NA,NA,NA,NA,NA,NA,NA,NA,NA,NA,NA,NA,NA,NA,NA,NA,NA
213,South Sudan,644329,11562695,4.12,37.68,8.42,11.94,2054,68.16,NA,5.43,NA,2.7,153800,12900,NA,32.5,NA,NA,1.47E+10,24.7,1400,NA,NA,NA,NA,46,3.7,-15.5,NA,1.7,NA,NA,1.87E+09,2.19E+09,NA,NA,NA,NA,NA,NA,NA,NA,NA,881300000,694100000,0,0,255200,30.7,0,66.3,3,220000,291800,0,3.75E+09,NA,NA,NA,13050,0,0,0,0,6.37E+10,2200,2.00E+06,NA,NA,85,NA,NA,NA,NA,10.32
214,Spain,505370,47737941,0.81,9.88,9,7.24,6,3.33,81.47,1.48,9.6,0.4,130000,1600,26.6,NA,5,53.2,1.39E+12,-1.3,30100,18.9,-1.2,23200000,26.3,32,37.1,-6.8,93.7,1.8,1.5,NA,7.77E+11,2.00E+12,2.94E+12,1.03E+12,2.10E+09,4.58E+11,4.31E+11,5.06E+10,2.28E+12,7.80E+11,7.14E+11,2.77E+11,2.50E+11,1.96E+10,8.21E+09,101700000,48.7,7.3,13,25.8,29290,0,1061000,1.50E+08,1189000,1384000,249500,566200,6.10E+07,3.58E+10,4.41E+09,3.68E+10,2.55E+09,19220000,50663000,4228000,28119000,150,15293,683175,1000,132,0.86
215,Spratly Islands,5,NA,NA,NA,NA,NA,NA,NA,NA,NA,NA,NA,NA,NA,NA,NA,NA,NA,NA,NA,NA,NA,NA,NA,NA,NA,NA,NA,NA,NA,NA,NA,NA,NA,NA,NA,NA,NA,NA,NA,NA,NA,NA,NA,NA,NA,NA,NA,NA,NA,NA,NA,NA,NA,NA,NA,NA,NA,NA,NA,NA,NA,NA,NA,NA,NA,NA,NA,NA,4,NA,NA,NA,NA,NA
216,Sri Lanka,65610,21866445,0.86,16.24,6.06,-1.54,35,9.02,76.35,2.13,3.4,0.1,3000,200,5.1,21.6,1.7,17.3,1.35E+11,6.3,6500,27,10,8528000,5.1,49,12.9,-6.4,78.4,4.7,7.5,14.4,3.63E+09,2.36E+10,3.30E+10,1.71E+10,-2.45E+09,1.04E+10,1.80E+10,7.20E+09,3.37E+10,NA,NA,1.18E+10,8.93E+09,0,0,2685000,53.8,0,44.6,1.6,0,0,36380,0,35440,89620,0,44270,0,0,0,0,0,2796000,19533000,9552,1777000,19,1449,114093,160,21,2.43
217,Sudan,1861484,35482233,1.78,30.01,7.87,-4.36,730,52.86,63.32,3.92,8.4,1.1,260000,12000,6,31.7,NA,NA,9.00E+10,3.9,2600,26.6,11,11920000,20,NA,8.6,-4.4,111,25,NA,NA,8.04E+09,1.28E+10,9.79E+09,NA,-1.98E+09,4.15E+09,5.94E+09,202200000,4.09E+10,NA,NA,7.19E+09,5.67E+09,0,0,2083000,30.7,0,66.3,3,28830,97270,0,1.25E+09,124900,95450,14950,4349,0,0,0,0,2.12E+10,425000,27659000,99,4200000,74,5978,11900,4068,2,NA
218,Suriname,163820,573311,1.12,16.73,6.13,0.57,130,27.07,71.69,2.01,5.3,1.1,4000,100,25.1,5.8,NA,21.5,7.12E+09,4.7,12900,NA,4,165600,9,NA,16.5,-2.3,NA,4.2,NA,11.73,1.13E+09,3005000,939400000,NA,102500000,2.51E+09,1.78E+09,1.01E+09,8.60E+08,NA,NA,1.57E+09,1.42E+09,0,0,410000,53.9,0,46.1,0,15270,7621,1,76800000,7462,14100,1015,6454,0,0,0,0,0,83000,977000,188,163000,55,NA,4304,1200,NA,NA
220,Swaziland,17364,1419623,1.14,25.18,13.75,0,320,54.82,50.54,2.88,8,26.5,212900,5500,19.7,5.8,8.3,NA,6.26E+09,0,5700,10.1,0.4,424100,40,50.4,33.5,-1.1,NA,6.1,6.5,8.75,421600000,1.14E+09,763300000,203100000,-1500000,1.60E+09,1.55E+09,801400000,609500000,NA,NA,4.96E+08,1.06E+09,0,5.64E+08,149000,59.7,0,40.3,0,0,0,0,0,0,4567,0,4761,0,0,0,0,0,48600,805000,2744,90100,14,301,3594,NA,NA,3.17
221,Sweden,450295,9723809,0.79,11.92,9.45,5.46,4,2.6,81.89,1.88,9.4,0.1,8100,100,18.6,NA,7,23.7,3.94E+11,0.9,40900,25.8,-1,5107000,8.1,23,51.4,-2,41.5,0,0.5,3.57,2.54E+11,3.49E+11,7.98E+11,4.70E+11,3.90E+10,1.82E+11,1.58E+11,5.22E+10,1.04E+12,5.19E+11,5.59E+11,1.49E+11,1.36E+11,3.13E+10,1.17E+10,36510000,13,24.6,45.5,16.6,11270,0,398100,0,419400,316000,261700,187300,0,1.53E+09,0,1.13E+09,0,4321000,11643000,5978000,8398000,231,11633,579564,2052,135,1.18
222,Switzerland,41277,8061516,0.78,10.48,8.1,5.43,8,3.73,82.39,1.54,10.9,0.4,18000,100,17.5,NA,5.2,8.4,3.71E+11,2,54800,31.5,2.2,4976000,3.2,28.7,33.7,1.4,33.8,-0.4,0.75,2.69,5.26E+11,1.36E+12,1.40E+12,9.32E+11,6.56E+10,2.29E+11,2.01E+11,5.36E+11,1.54E+12,9.69E+11,1.43E+12,6.80E+10,5.90E+10,3.46E+10,3.23E+10,18070000,3.1,24.3,68,5.5,3613,0,258200,0,96710,258200,7585,157600,0,3.20E+09,8.49E+09,1.18E+10,0,4382000,10460000,5301000,6152000,63,4876,71464,1292,38,0.76
223,Syria,185180,17951639,-9.73,22.76,6.51,-113.51,70,15.79,68.41,2.68,3.7,0.1,500,200,27.1,10.1,5.1,19.2,1.08E+11,-2.3,5100,5.4,-20.6,5014000,17.8,NA,3.7,-8,58.9,59.1,5,11.7,8.10E+09,1.28E+10,7.78E+09,NA,-5.88E+09,2.68E+09,8.92E+09,1.90E+09,9.80E+09,NA,NA,4.38E+10,3.56E+10,1.04E+09,0,8323000,89.2,0,10.8,0,182500,152400,0,2.50E+09,253600,258800,36210,104800,7.87E+09,9.63E+09,0,2.50E+08,2.41E+11,4425000,12928000,416,4469000,90,2052,69873,900,19,NA
224,Taiwan,35980,23359928,0.25,8.55,6.97,0.9,NA,4.49,79.84,1.11,NA,NA,NA,NA,NA,NA,NA,NA,9.26E+11,2.2,39600,31.3,1.8,11550000,4.1,34.2,16.1,-2.5,38.9,1.1,1.88,2.88,4.50E+11,1.19E+12,7.54E+11,7.84E+11,5.67E+10,3.06E+11,2.69E+11,4.15E+11,1.47E+11,6.29E+10,2.40E+11,2.52E+11,2.42E+11,0,0,48750000,77.2,10.6,5.3,6.9,21680,0,885900,2380000,920200,786100,255000,304700,330200000,1.64E+10,0,1.59E+10,6.23E+09,15998000,29455000,6272000,16147000,37,1580,41475,NA,112,NA
225,Tajikistan,143100,8051512,1.75,24.99,6.28,-1.17,65,35.03,67.06,2.76,5.8,0.3,11900,500,8.6,15,3.9,16.7,1.92E+10,7.4,2300,12.4,3.9,2209000,2.5,32.6,28.5,0,6.5,3.7,6.5,17.13,1.04E+09,2.03E+09,1.61E+09,NA,-3.30E+08,1.16E+09,4.12E+09,1.07E+09,2.16E+09,2.27E+09,NA,1.71E+10,1.61E+10,1.00E+09,300500000,4476000,9,0,91,0,553,0,0,1.20E+07,400,20090,500,20090,3928000,3928000,0,0,5.66E+09,393000,6528000,6258,7.00E+05,24,680,27767,200,NA,NA
226,Tanzania,947300,49639138,2.8,36.82,8.2,-0.57,460,43.74,61.24,4.95,7.3,5.1,1472400,80000,5,16.2,6.2,7.1,7.93E+10,7,1700,25.7,7.4,25590000,NA,37.6,22.3,-5.6,42.7,7.8,3.7,15.46,4.59E+09,7.70E+09,7.33E+09,1.54E+09,-4.86E+09,5.92E+09,1.12E+10,4.34E+09,1.38E+10,NA,NA,4.30E+09,3.40E+09,0,5.00E+07,841000,33.2,0,66.8,0,10,0,0,0,0,43310,0,30750,8.60E+08,7.80E+08,0,0,6.51E+09,161100,27220000,26074,678000,166,3689,86472,NA,94,1.13
227,Thailand,513120,67741401,0.35,11.26,7.72,0,48,9.86,74.18,1.5,4.1,1.1,443100,20800,8.8,7,5.8,2.8,6.73E+11,2.9,9900,30.8,-3.1,39380000,0.7,39.4,20.2,-4,45.9,2.2,3.25,7.1,5.02E+10,5.16E+11,5.11E+11,3.83E+11,-3.20E+09,2.25E+11,2.19E+11,1.67E+11,1.43E+11,1.94E+11,6.51E+10,1.73E+11,1.69E+11,1.54E+09,9.58E+09,32600000,89,0,10.9,0.2,574000,32200,793900,453300000,913600,721100,192400,41700,3.70E+10,4.51E+10,0,9.58E+09,2.85E+11,6391000,84075000,3399000,17483000,101,4071,180053,4000,363,1.47
228,Timor-Leste,14874,1201542,2.44,34.48,6.18,-3.87,300,38.79,67.39,5.11,5.1,NA,NA,NA,2.7,45.3,9.4,14.8,2.54E+10,8.1,21400,NA,6.2,418200,18.4,31.9,26.1,-1.6,NA,4.5,NA,12.21,203200000,433400000,-3.00E+08,NA,2.38E+09,34100000,6.89E+08,NA,NA,NA,NA,131700000,67590000,0,0,NA,NA,NA,NA,NA,79490,87000,0,0,0,2755,0,1264,0,0,0,0,2.00E+11,3000,621000,252,2100,6,NA,6040,NA,1,2.92
229,Togo,56785,7351374,2.71,34.52,7.43,0,300,46.73,64.06,4.53,8,2.9,128100,7200,4.3,16.5,4.5,NA,7.35E+09,5.5,1100,9.8,5.1,2595000,NA,NA,19.2,-3.7,NA,2.2,4.25,NA,1.14E+09,1.97E+09,1.59E+09,NA,-355100000,982200000,1.68E+09,531400000,7.19E+08,NA,NA,127100000,676100000,0,7.10E+08,85000,21.2,0,78.8,0,0,0,0,0,0,28670,0,9773,0,0,0,0,0,225000,3518000,1168,356300,8,568,11652,50,61,NA
230,Tokelau,12,1337,-0.01,NA,NA,NA,NA,NA,NA,NA,NA,NA,NA,NA,63.4,NA,NA,NA,1500000,NA,1000,NA,NA,440,NA,NA,NA,NA,NA,NA,NA,NA,NA,NA,NA,NA,NA,0,969200,NA,NA,NA,NA,NA,NA,NA,NA,NA,NA,NA,NA,NA,NA,NA,NA,0,NA,NA,NA,NA,NA,NA,NA,NA,NA,NA,NA,2069,800,NA,NA,NA,NA,NA,NA
231,Tonga,747,106440,0.09,23.55,4.86,-17.85,110,12.36,75.82,3.36,5.3,NA,NA,NA,57.6,NA,3.9,11.9,8.46E+08,1,8200,NA,1,39960,13,NA,23.6,0,NA,2,NA,10.36,85970000,178800000,1.10E+08,NA,-43300000,9100000,122500000,147100000,215800000,61390000,NA,4.10E+07,38130000,0,0,12000,100,0,0,0,0,0,0,0,0,1221,0,1202,0,0,0,0,0,30000,56000,5367,8400,6,NA,680,NA,7,NA
232,Trinidad and Tobago,5128,1223916,-0.11,13.8,8.48,-6.42,46,24.82,72.29,1.71,5.7,1.6,14300,500,29.3,4.4,3.2,10.5,2.71E+10,1.6,20300,18.2,1.2,621000,5.9,NA,28.9,-1.8,37.1,5.4,7.25,7.7,7.04E+09,2.01E+10,6.40E+09,1.47E+10,414100000,1.29E+10,9.64E+09,1.01E+10,4.82E+09,1.02E+11,3.83E+09,8.00E+09,7.59E+09,0,0,1605000,99.7,0,0,0.3,119300,75340,70260,728300000,132300,41000,106500,1598,4.06E+10,2.33E+10,1.76E+10,0,3.75E+11,287000,1884000,241690,593000,4,NA,8320,NA,4,NA
233,Tunisia,163610,10937521,0.92,16.9,5.94,-1.74,56,23.19,75.68,2,6.2,0.1,2300,100,22.3,3.3,6.2,42.3,1.08E+11,2.8,9900,26.1,3,3974000,17.2,40,25.1,-7.5,51.1,6.1,NA,6.76,1.31E+10,2.98E+10,3.56E+10,9.66E+09,-4.56E+09,1.75E+10,2.50E+10,8.11E+09,2.70E+10,3.46E+10,2.95E+08,1.51E+10,1.33E+10,0,1.90E+07,3652000,96.8,0,1.7,1.5,68310,77980,3680,4.25E+08,11170,88380,3391,80980,1.93E+09,3.28E+09,0,1.78E+09,6.51E+10,1105000,12840000,576,3500000,29,2165,19418,NA,9,1.55
234,Turkey,783562,81619392,1.12,16.86,6.12,0.46,20,21.43,73.29,2.08,6.7,0.1,4600,200,27.8,3.5,2.9,17.5,1.17E+12,3.8,15300,19.4,3.5,27910000,9.3,40.2,23.2,-2.1,36.6,7.6,15,19,8.07E+10,3.84E+11,5.50E+11,2.02E+11,-5.84E+10,1.68E+11,2.43E+11,1.18E+11,3.60E+11,1.94E+11,3.34E+10,2.18E+11,1.70E+11,1.49E+09,4.36E+09,49520000,64.9,0,32,3.1,56650,0,338900,270400000,418200,706100,107800,301300,6.32E+08,3.81E+10,6.00E+08,4.59E+10,6.17E+09,13860000,67680000,7093000,27233000,98,12008,385748,1200,629,2.31
235,Turkmenistan,488100,5171943,1.14,19.46,6.16,-1.86,67,38.13,69.47,2.1,2.7,0.1,200,100,13.2,10.5,NA,NA,5.52E+10,12.2,9700,12.6,8,2300000,60,40.8,14.6,1.1,NA,9,NA,NA,577200000,1.20E+09,2.91E+09,NA,285900000,1.71E+10,1.25E+10,2.24E+10,428900000,NA,NA,2.00E+10,1.71E+10,2.89E+09,0,2852000,100,0,0,0,244100,67000,0,6.00E+08,143200,145000,64360,2542,6.44E+10,2.33E+10,4.11E+10,0,1.75E+13,575000,3953000,714,80400,26,2980,58592,1300,11,NA
236,Turks and Caicos Islands,948,49070,2.58,16.61,3.08,12.23,NA,10.97,79.55,1.7,NA,NA,NA,NA,NA,NA,NA,NA,6.32E+08,11.2,29100,NA,3,4848,10,NA,NA,NA,NA,2.5,NA,NA,NA,NA,NA,NA,NA,24770000,591300000,NA,NA,NA,NA,2.00E+08,1.86E+08,0,0,50000,100,0,0,0,0,0,0,0,0,999,0,1063,0,0,0,0,0,NA,NA,73217,NA,8,NA,121,NA,NA,NA
237,Tuvalu,26,10782,0.8,23.74,8.9,-6.86,NA,31.69,65.81,3.03,17.3,NA,NA,NA,NA,1.6,NA,NA,4.00E+07,1.1,3500,NA,NA,3615,NA,NA,56.7,-4,NA,3.8,NA,NA,NA,NA,NA,NA,-7700000,6.00E+05,16500000,NA,NA,NA,NA,NA,NA,NA,NA,NA,NA,NA,NA,NA,NA,NA,NA,NA,NA,NA,NA,NA,NA,NA,NA,NA,NA,1450,2800,145158,4200,1,NA,8,NA,58,NA
238,Uganda,241038,35918915,3.24,44.17,10.97,-0.76,310,60.82,54.46,5.97,9.5,7.2,1549200,63300,4.3,14.1,3.3,5.4,5.44E+10,5.6,1500,17.4,3.8,17400000,NA,44.3,14.2,-2.7,30.7,6.2,9.65,26.31,2.46E+09,4.05E+09,3.67E+09,7.73E+09,-1.91E+09,3.16E+09,4.86E+09,3.58E+09,5.22E+09,NA,NA,2.41E+09,2.19E+09,7.50E+07,2.90E+07,539000,31.5,0,65.3,3.2,0,0,0,2.50E+09,0,16930,0,22990,0,0,0,0,1.42E+10,315000,16355000,32683,3200000,47,1244,20000,NA,NA,1.45
239,Ukraine,603550,44291413,-0.64,9.41,15.72,-0.06,32,8.1,69.14,1.3,7.3,0.9,230500,18100,21.3,0.9,6.2,17.3,3.37E+11,0.4,7400,10.1,-5,22170000,8,28.2,32.7,-5.2,40.6,0.7,11.97,18.39,3.99E+10,1.00E+11,1.31E+11,2.56E+10,-1.19E+10,7.11E+10,8.72E+10,2.20E+10,1.38E+11,6.15E+10,8.60E+09,1.98E+11,1.75E+11,3.85E+09,1.91E+09,54880000,64.1,25.2,9.9,0.1,80400,0,155300,3.95E+08,262300,320600,80980,126500,1.98E+10,5.62E+10,2.60E+09,4.48E+10,1.10E+12,12182000,59344000,2173000,7770000,187,21619,169694,1672,134,2.77
240,United Arab Emirates,83600,5628805,2.71,15.54,1.99,13.58,12,10.92,77.09,2.36,3.3,0.2,NA,NA,32.7,NA,NA,12.1,2.70E+11,4,29900,36.8,3.3,4588000,2.4,NA,35.4,5,41.7,1.3,NA,NA,NA,2.60E+11,3.08E+11,7.13E+10,5.27E+10,3.69E+11,2.50E+11,5.80E+10,1.68E+11,1.03E+11,6.20E+10,1.03E+11,8.52E+10,0,0,23250000,100,0,0,0,3213000,2142000,0,9.78E+10,371500,572100,382300,351400,5.23E+10,6.05E+10,5.18E+09,1.74E+10,6.09E+12,1967000,13775000,337804,3449000,43,NA,4080,NA,61,NA
241,United Kingdom,243610,63742977,0.54,12.22,9.34,2.56,12,4.44,80.42,1.9,9.3,0.2,85000,1000,26.9,NA,6.2,21,2.39E+12,1.8,37300,10.5,-0.3,30150000,7.2,32.3,41.1,-3.6,91.1,2,0.5,4.22,1.12E+11,2.88E+12,3.64E+12,2.90E+12,-9.36E+10,8.13E+11,7.83E+11,8.75E+10,9.58E+12,1.56E+12,1.88E+12,3.66E+11,3.23E+11,3.10E+09,1.75E+10,89240000,76,11.2,4.8,8,771800,637800,1053000,3.12E+09,1343000,1217000,526400,566700,3.85E+10,5.16E+10,8.95E+09,4.83E+10,2.44E+11,33010000,82109000,8107000,51444000,460,16454,394428,3200,504,2.49
242,United States,9826675,318892103,0.77,13.42,8.15,2.45,21,6.17,79.56,2.01,17.9,0.6,1200000,17000,33,1.3,5.4,17.3,1.67E+13,1.6,52800,13.5,2.5,155400000,7.3,45,17,-4,71.8,1.5,0.5,3.25,2.61E+12,1.30E+13,1.70E+13,1.56E+13,-3.61E+11,1.58E+12,2.27E+12,1.50E+11,1.57E+13,2.82E+12,4.85E+12,4.10E+12,3.89E+12,1.20E+10,5.93E+10,1.04E+09,75.3,9.7,7.6,5.3,11110000,41640,9213000,2.07E+10,18450000,18840000,2311000,2580000,6.81E+11,6.90E+11,4.58E+10,8.88E+10,9.46E+12,1.39E+08,3.10E+08,5.05E+08,2.45E+08,13513,224792,6586610,41009,393,4.35
244,Uruguay,176215,3332972,0.26,13.18,9.48,-1.08,29,8.97,76.81,1.84,8,0.7,13200,NA,24.8,4.5,4.5,18.5,5.63E+10,3.5,16600,17.3,6.6,1700000,6.5,45.3,30,-2.6,62.8,8.3,8.75,11.2,5.31E+09,8.69E+09,1.77E+10,174600000,-2.72E+09,1.05E+10,1.25E+10,1.63E+10,1.76E+10,2.07E+10,4.22E+08,9.50E+09,7.96E+09,1.90E+07,4.77E+08,2588000,39.8,0,59.4,0.8,1183,0,38680,0,43440,51100,4656,16420,0,8.00E+07,0,8.00E+07,0,1010000,5.00E+06,1036000,1405000,133,1641,77732,1600,16,1.95
245,Uzbekistan,447400,28929716,0.93,17.02,5.29,-2.46,28,19.84,73.29,1.8,5.4,0.1,29700,2400,15.1,4.4,NA,NA,1.13E+11,7,3800,NA,7.1,16990000,4.9,36.8,32.3,-0.4,7.6,10.1,NA,NA,6.51E+09,1.09E+10,7.66E+09,715300000,1.80E+09,1.49E+10,1.26E+10,1.70E+10,8.77E+09,NA,NA,5.25E+10,4.45E+10,1.21E+10,1.20E+10,11600000,85.1,0,14.9,0,102600,0,0,5.94E+08,92300,137100,4968,656,6.29E+10,4.68E+10,1.34E+10,0,1.84E+12,1963000,20274000,56075,4689000,53,4230,86496,1100,NA,NA
246,Vanuatu,12189,266937,2.01,25.69,4.14,-1.5,110,16.41,72.72,3.36,4.1,NA,NA,NA,27.5,11.7,5,NA,1.27E+09,3.3,4800,NA,4.8,115900,1.7,NA,24.6,0.3,NA,1.9,6,6,270700000,6.44E+08,560800000,NA,-1.18E+08,43100000,319400000,174200000,307700000,620100000,21300000,5.50E+07,51150000,0,0,28000,89.3,0,0,10.7,0,0,0,0,0,1170,0,838,0,0,0,0,0,5800,137000,5655,17000,31,NA,1070,NA,77,NA
247,Venezuela,912050,28868486,1.42,19.42,5.27,0,92,19.33,74.39,2.35,5.2,0.6,107900,3800,30.3,2.9,6.9,17.1,4.07E+11,1.6,13600,23.8,1,14010000,7.9,39,28.1,-9.8,34.2,56.2,29.5,16.38,1.81E+11,1.86E+11,1.77E+11,5.14E+09,3.20E+09,9.18E+10,5.93E+10,2.12E+10,7.49E+10,4.99E+10,2.19E+10,1.28E+11,8.51E+10,6.26E+08,0,27500000,35.7,0,64.3,0,2489000,1645000,0,2.98E+11,1110000,571000,638000,16660,2.53E+10,2.71E+10,0,2.11E+09,5.52E+12,7650000,30520000,1016000,8918000,444,806,96155,7100,53,1.05
248,Vietnam,331210,93421835,1,16.26,5.93,-0.32,59,18.99,72.91,1.85,6.8,0.4,259200,11700,1.7,12,6.3,5.5,3.59E+11,5.3,4000,38.4,5,52930000,1.3,37.6,25.2,-4.2,48.2,6.8,15,13.47,4.40E+10,1.85E+11,1.74E+11,2.60E+10,8.16E+09,1.29E+11,1.21E+11,3.25E+10,6.84E+10,8.46E+10,NA,1.17E+11,1.04E+11,9.64E+08,2.70E+09,26300000,55,0,45,0.1,363500,188000,0,4.40E+09,112000,259900,37050,184900,9.30E+09,1.02E+10,0,8.90E+08,6.99E+11,10191000,134066000,189553,23382000,45,2632,206633,47130,579,2.37
249,Virgin Islands,1910,104170,-0.56,10.49,8.24,-7.84,NA,6.79,79.75,1.75,NA,NA,NA,NA,NA,NA,NA,NA,1.58E+09,2,14500,NA,NA,49820,6.2,NA,NA,NA,NA,2.2,NA,NA,NA,NA,NA,NA,NA,4.23E+09,4.61E+09,NA,NA,NA,NA,7.94E+08,767300000,0,0,323000,100,0,0,0,14880,0,402000,0,423900,106100,316100,5732,0,0,0,0,0,75800,80300,4790,30000,2,NA,1260,NA,NA,NA
251,Wallis and Futuna,142,15561,0.33,13.56,4.95,-5.27,NA,4.49,79.42,1.76,NA,NA,NA,NA,NA,NA,NA,NA,6.00E+07,NA,3800,NA,NA,3104,12.2,NA,NA,NA,5.6,2.8,NA,NA,NA,NA,NA,NA,NA,47450,61170000,NA,3670000,NA,NA,NA,NA,NA,NA,NA,NA,NA,NA,NA,NA,NA,NA,NA,NA,NA,NA,NA,NA,NA,NA,NA,NA,NA,NA,2760,1300,2,NA,NA,NA,NA,NA
252,West Bank,5860,2731052,1.99,23.41,3.51,0,64,13.49,75.69,2.83,NA,NA,NA,NA,NA,2.2,NA,38.8,8.02E+09,5.7,2900,NA,3,1025000,22.5,NA,31.6,-16.6,NA,1.7,NA,6.97,232200000,9.30E+09,1.25E+09,2.53E+09,-2.10E+09,666100000,5.47E+09,NA,NA,NA,NA,4.45E+08,4.57E+09,0,5.50E+08,140000,100,0,0,0,0,0,0,0,0,29310,515,16330,0,0,0,0,0,406000,3041000,NA,1379000,2,NA,4686,NA,NA,NA
253,Western Sahara,266000,554795,2.89,30.71,8.49,NA,NA,56.09,62.27,4.07,NA,NA,NA,NA,NA,NA,NA,NA,906500000,NA,2500,NA,NA,144000,NA,NA,NA,NA,NA,NA,NA,NA,NA,NA,NA,NA,NA,NA,NA,NA,NA,NA,NA,9.00E+07,83700000,0,0,58000,100,0,0,0,0,0,0,0,0,1948,0,1702,0,0,0,0,0,NA,NA,NA,NA,6,NA,NA,NA,NA,NA
254,Yemen,527968,26052966,2.72,31.02,6.45,2.61,200,50.41,64.83,4.09,5.5,0.1,18800,800,14.5,43.1,5.2,33.7,6.16E+10,3.8,2500,4.2,4.8,7100000,35,37.7,17.7,-10.3,47.1,11.8,NA,23,5.75E+09,1.42E+10,1.12E+10,NA,-3.31E+09,6.69E+09,1.10E+10,5.54E+09,7.81E+09,NA,NA,7.29E+09,5.52E+09,0,0,1530000,100,0,0,0,156500,175200,0,3.00E+09,86330,177000,14330,59050,9.62E+09,869900000,8.75E+09,0,4.79E+11,1100000,13900000,33206,2349000,57,NA,71300,NA,5,4.02
255,Zambia,752618,14638505,2.88,42.46,12.92,-0.72,440,66.62,51.83,5.76,6.1,12.7,1106400,30300,3.6,14.9,1.3,23.4,2.55E+10,6,1800,14.5,8,6275000,15,57.5,21.6,-8.4,31.8,7.1,14.49,12.15,2.30E+09,5.05E+09,5.46E+09,4.01E+09,-1.25E+09,8.55E+09,8.22E+09,2.83E+09,5.99E+09,NA,NA,1.12E+10,7.96E+09,5.78E+08,2.30E+07,1679000,0.4,0,99.6,0,175,0,12500,0,12900,19260,254,1272,0,0,0,0,0,82500,10525000,16571,816200,88,2922,67671,2250,NA,1.55
256,Zimbabwe,390757,13771721,4.36,32.47,10.62,21.78,570,26.55,55.68,3.56,NA,14.7,1368100,39500,7,10.1,2.5,7.6,7.50E+09,3.2,600,NA,3.7,3939000,95,50.1,NA,NA,202.4,8.5,975,30,2.30E+10,2.27E+10,1.41E+10,1.09E+10,-5.76E+08,3.14E+09,4.57E+09,4.37E+08,8.45E+09,NA,NA,7.81E+09,1.26E+10,5.60E+07,5.34E+09,2035000,66.6,0,33.4,0,120,0,0,0,0,19030,0,13290,0,0,0,0,0,301600,12614000,30615,1423000,196,3427,97267,NA,NA,2.94
