b1r5,b6r1,b6r5a,b6r5b,b7r24,b7r25,b7r26a,b7r26b,jart,exp_cap
2,1,24,135,142333.333333333,872619.047619048,1,2,9,96957.671957672
2,6,54,500,290083.333333333,711369.047619048,1,2,3,237123.015873016
2,1,99,252,812833.333333333,1466404.76190476,1,3,4,366601.19047619
2,1,30,80,289150,1007007.14285714,1,3,5,201401.428571429
2,1,48,300,499708.333333333,846851.190476191,1,3,2,423425.595238095
2,1,83,300,235666.666666667,834809.523809524,1,3,4,208702.380952381
2,1,42,42,410416.666666667,1504130.95238095,3,2,6,250688.492063492
2,1,42,150,266250,907392.857142857,9,2,4,226848.214285714
2,6,20,360,152666.666666667,680238.095238095,3,1,3,226746.031746032
2,4,42,600,230833.333333333,888690.476190476,9,2,5,177738.095238095
2,1,63,300,380416.666666667,1196845.23809524,1,2,7,170977.891156463
2,1,56,403,405525,774096.428571429,7,2,3,258032.142857143
2,1,42,998,292383.333333333,1315383.33333333,1,2,4,328845.833333333
2,1,54,600,319750,1051750,1,2,5,210350
2,1,20,500,213750,705750,1,2,3,235250
2,1,30,600,190375,676375,7,2,4,169093.75
2,1,25,180,163416.666666667,715416.666666667,4,1,5,143083.333333333
2,1,35,126,153583.333333333,460011.904761905,1,2,3,153337.301587302
2,4,36,800,465833.333333333,1376547.61904762,1,1,7,196649.659863946
2,6,48,800,249166.666666667,857738.095238095,1,1,5,171547.619047619
2,1,120,800,502066.666666667,1384495.23809524,4,1,2,692247.619047619
2,1,42,800,428925,1609639.28571429,0,0,4,402409.821428571
2,1,64,800,365325,1236182.14285714,4,1,4,309045.535714286
2,1,108,240,354450,1269450,1,3,4,317362.5
2,1,96,525,539583.333333333,1017869.04761905,1,3,4,254467.261904762
2,5,35,180,275750,831178.571428571,13,1,3,277059.523809524
2,1,42,450,126350,979207.142857143,1,3,5,195841.428571429
2,1,58,600,207916.666666667,830630.952380952,1,3,3,276876.984126984
2,1,104,750,1016833.33333333,2923119.04761905,1,2,7,417588.43537415
2,1,60,240,636183.333333333,1260183.33333333,1,2,4,315045.833333333
1,1,70,70,920833.333333333,2028261.9047619,7,2,4,507065.476190476
1,3,35,35,362083.333333333,1544940.47619048,7,2,5,308988.095238095
1,1,45,330,686833.333333333,1548261.9047619,1,2,6,258043.650793651
1,1,32,45,94166.6666666667,558309.523809524,1,2,3,186103.174603175
1,5,60,998,967500,1627500,15,1,4,406875
2,1,30,60,360583.333333333,984154.761904762,1,1,4,246038.69047619
2,1,35,48,144500,621500,1,2,4,155375
2,1,94,180,212416.666666667,661559.523809524,3,1,5,132311.904761905
2,1,45,100,221583.333333333,807869.047619048,3,1,3,269289.682539683
2,1,74,432,379600,1250885.71428571,3,1,4,312721.428571429
2,1,50,296,387850,746564.285714286,3,1,4,186641.071428571
2,1,36,450,408583.333333333,1056583.33333333,3,1,4,264145.833333333
2,1,30,375,173250,406821.428571429,0,0,1,406821.428571429
2,3,42,150,271000,680714.285714286,1,2,3,226904.761904762
2,1,42,200,632833.333333333,1351976.19047619,1,2,7,193139.455782313
2,1,63,600,347000,943571.428571429,1,2,3,314523.80952381
2,1,48,378,702833.333333333,1931976.19047619,13,1,6,321996.031746032
2,1,30,72,358541.666666667,1006541.66666667,7,1,4,251635.416666667
2,1,63,330,195591.666666667,828163.095238095,1,2,3,276054.365079365
2,1,48,250,72400,294828.571428571,1,2,1,294828.571428571
2,1,35,210,392333.333333333,1282476.19047619,2,2,9,142497.354497355
2,1,30,450,295000,1018857.14285714,1,2,4,254714.285714286
2,1,30,220,343333.333333333,999904.761904762,1,2,4,249976.19047619
2,1,45,80,681416.666666667,1572416.66666667,12,1,6,262069.444444444
2,1,54,300,350666.666666667,2846238.0952381,9,2,7,406605.442176871
2,1,30,90,278625,873053.571428571,1,2,3,291017.857142857
2,1,72,195,348916.666666667,1017488.0952381,1,2,3,339162.698412698
2,1,48,495,247166.666666667,554452.380952381,7,2,2,277226.19047619
2,1,54,150,375350,1422350,1,2,4,355587.5
1,1,24,800,304675,805246.428571429,9,2,3,268415.476190476
1,1,30,78,946333.333333333,3024904.76190476,2,2,8,378113.095238095
2,1,54,325,471566.666666667,868423.809523809,6,1,4,217105.952380952
2,1,20,80,93416.6666666667,384845.238095238,1,2,2,192422.619047619
2,1,105,450,529325,950610.714285714,1,2,3,316870.238095238
2,1,20,250,155416.666666667,772559.523809524,1,2,5,154511.904761905
2,1,30,108,205858.333333333,1077572.61904762,1,2,4,269393.154761905
2,1,72,350,316083.333333333,1183940.47619048,7,3,3,394646.825396825
2,1,45,160,215000,974857.142857143,15,2,5,194971.428571429
2,1,20,30,138166.666666667,856023.809523809,7,1,5,171204.761904762
2,1,25,150,61116.6666666667,456688.095238095,1,2,3,152229.365079365
1,1,24,150,201583.333333333,499869.047619048,4,2,2,249934.523809524
1,1,54,200,472500,973928.571428571,0,0,3,324642.857142857
1,1,36,275,342625,628482.142857143,4,2,2,314241.071428571
1,6,24,200,746166.666666667,1450738.0952381,12,1,3,483579.365079365
1,1,42,250,376333.333333333,1132761.9047619,4,2,6,188793.650793651
1,1,49,75,322583.333333333,558297.619047619,7,2,1,558297.619047619
2,1,144,160,980466.666666667,1573180.95238095,9,2,3,524393.650793651
2,1,45,300,168750,751178.571428571,1,2,3,250392.857142857
1,1,48,120,305766.666666667,706052.380952381,0,0,2,353026.19047619
1,1,64,120,762666.666666667,1586809.52380952,2,2,2,793404.761904762
2,6,36,456,321641.666666667,1055355.95238095,1,2,3,351785.317460317
2,1,63,240,308916.666666667,696773.809523809,12,1,2,348386.904761905
2,1,18,418,260458.333333333,1200315.47619048,1,1,5,240063.095238095
2,1,24,180,325208.333333333,1377351.19047619,1,2,6,229558.531746032
2,1,60,154,265575,749860.714285714,6,1,2,374930.357142857
2,1,42,299,471775,1324632.14285714,6,1,4,331158.035714286
2,1,24,180,892083.333333333,1580797.61904762,9,2,3,526932.53968254
2,6,30,150,177500,410642.857142857,0,0,1,410642.857142857
2,1,60,110,481250,1391535.71428571,18,1,4,347883.928571429
2,1,30,300,253083.333333333,853083.333333333,1,2,3,284361.111111111
2,6,35,300,322375,814375,9,1,3,271458.333333333
2,1,20,96,212083.333333333,639369.047619048,1,3,2,319684.523809524
2,1,48,363,262875,1393446.42857143,1,2,4,348361.607142857
1,1,30,30,831083.333333333,2332797.61904762,8,3,5,466559.523809524
1,6,52,100,411250,2079678.57142857,2,3,5,415935.714285714
1,3,84,126,721750,1513321.42857143,13,1,2,756660.714285714
2,1,42,165,719500,1575357.14285714,7,1,6,262559.523809524
2,1,80,150,348208.333333333,1510494.04761905,1,2,6,251749.007936508
2,1,84,190,1218916.66666667,2925059.52380952,1,2,9,325006.613756614
2,1,140,420,2454916.66666667,3863630.95238095,13,1,6,643938.492063492
2,1,60,200,318833.333333333,623119.047619048,0,0,1,623119.047619048
2,6,24,100,903666.666666667,1526809.52380952,8,1,4,381702.380952381
2,3,42,120,500583.333333333,1176440.47619048,6,1,3,392146.825396825
2,1,42,360,335166.666666667,1584452.38095238,1,1,4,396113.095238095
2,1,36,100,289000,800285.714285714,1,2,3,266761.904761905
2,1,24,117,134166.666666667,573880.952380952,1,2,2,286940.476190476
2,1,30,150,237083.333333333,875226.190476191,1,2,4,218806.547619048
2,1,20,150,233750,1101178.57142857,6,1,4,275294.642857143
2,1,42,300,401250,1845535.71428571,9,1,11,167775.974025974
2,1,66,300,670416.666666667,1521130.95238095,7,1,8,190141.369047619
2,1,30,99,319583.333333333,876726.190476191,7,2,4,219181.547619048
1,4,22,100,112916.666666667,582202.380952381,2,2,3,194067.46031746
1,1,60,480,744666.666666667,1372523.80952381,9,1,2,686261.904761905
1,1,40,54,446433.333333333,1138147.61904762,15,1,3,379382.53968254
1,1,56,140,454708.333333333,1304565.47619048,1,2,4,326141.369047619
1,5,36,49,596666.666666667,1447380.95238095,13,1,3,482460.317460317
2,1,42,98,272583.333333333,1182869.04761905,2,2,4,295717.261904762
1,4,70,150,422708.333333333,948565.476190476,1,1,4,237141.369047619
1,1,30,100,155616.666666667,782616.666666667,1,1,4,195654.166666667
2,1,36,96,569250,1500107.14285714,7,2,5,300021.428571429
2,1,54,230,770500,1641785.71428571,3,1,3,547261.904761905
2,4,24,105,262383.333333333,938669.047619048,4,2,4,234667.261904762
2,6,42,230,134000,287000,15,0,1,287000
2,3,20,150,253750,1370178.57142857,6,1,6,228363.095238095
2,1,30,200,227208.333333333,795065.476190476,8,2,2,397532.738095238
2,1,16,150,255416.666666667,1911416.66666667,1,2,7,273059.523809524
1,4,56,72,228958.333333333,927101.190476191,16,1,3,309033.73015873
2,1,30,70,195666.666666667,931095.238095238,16,1,3,310365.079365079
2,1,45,70,191166.666666667,680595.238095238,2,2,3,226865.079365079
2,1,50,160,225625,898910.714285714,2,2,6,149818.452380952
2,1,35,240,211916.666666667,518345.238095238,4,2,2,259172.619047619
2,1,25,30,118750,569607.142857143,1,0,2,284803.571428571
2,1,30,63,177333.333333333,634190.476190476,1,1,4,158547.619047619
2,1,24,100,134333.333333333,285619.047619048,18,0,1,285619.047619048
2,1,28,120,95750,222178.571428571,16,0,1,222178.571428571
2,1,30,120,111666.666666667,438666.666666667,1,1,3,146222.222222222
1,1,60,506,3401750,4049750,6,2,2,2024875
1,6,135,260,654000,1096285.71428571,0,0,3,365428.571428571
1,6,42,150,219166.666666667,954166.666666667,1,1,3,318055.555555556
1,1,25,600,242000,1598857.14285714,1,2,5,319771.428571429
1,1,36,80,470975,1456689.28571429,9,1,5,291337.857142857
1,1,48,150,360850,1356421.42857143,1,2,5,271284.285714286
2,1,63,193,686500,1367928.57142857,12,0,4,341982.142857143
2,1,70,70,239458.333333333,1335744.04761905,2,2,6,222624.007936508
2,1,20,25,88833.3333333333,654547.619047619,1,2,3,218182.53968254
2,6,42,120,137833.333333333,675690.476190476,1,2,3,225230.158730159
2,1,42,70,129533.333333333,563676.190476191,3,2,3,187892.063492064
2,1,30,120,191416.666666667,995416.666666667,1,2,5,199083.333333333
2,1,25,25,167333.333333333,708190.476190476,2,2,8,88523.8095238095
2,1,48,48,486583.333333333,1214297.61904762,1,2,3,404765.873015873
2,1,50,55,117166.666666667,287309.523809524,1,2,2,143654.761904762
2,1,30,30,65683.3333333333,618540.476190476,2,2,4,154635.119047619
2,1,60,75,73083.3333333333,619083.333333333,1,2,4,154770.833333333
2,1,50,150,416933.333333333,948361.904761905,1,2,5,189672.380952381
2,4,20,80,169500,617357.142857143,15,1,2,308678.571428571
2,1,36,42,202083.333333333,699226.190476191,1,2,5,139845.238095238
2,1,48,200,210125,668696.428571429,1,2,4,167174.107142857
2,6,30,120,260125,696839.285714286,2,1,4,174209.821428571
2,1,30,150,182825,1119253.57142857,1,2,4,279813.392857143
2,1,30,150,73041.6666666667,443755.952380952,1,2,2,221877.976190476
2,6,30,100,93041.6666666667,532327.380952381,1,2,2,266163.69047619
2,1,35,150,330250,1277392.85714286,1,2,4,319348.214285714
2,1,35,150,169316.666666667,754316.666666667,1,2,5,150863.333333333
2,1,35,150,241666.666666667,942380.952380952,1,2,3,314126.984126984
2,1,20,36,96000,657428.571428571,16,1,4,164357.142857143
2,3,30,49,90166.6666666667,606595.238095238,7,2,3,202198.412698413
2,1,63,72,329250,1203535.71428571,13,2,4,300883.928571429
2,1,30,56,46375,320660.714285714,1,0,1,320660.714285714
2,5,80,120,167083.333333333,958226.190476191,13,1,5,191645.238095238
2,6,63,300,381125,1004267.85714286,1,2,4,251066.964285714
2,1,90,240,758416.666666667,1672559.52380952,13,1,3,557519.841269841
2,1,45,280,812000,1492142.85714286,2,2,5,298428.571428571
2,1,80,200,472416.666666667,1369416.66666667,7,2,6,228236.111111111
2,1,30,260,133625,629053.571428571,1,2,3,209684.523809524
2,1,30,380,220658.333333333,639372.619047619,1,1,6,106562.103174603
2,1,91,120,509916.666666667,1261630.95238095,7,2,3,420543.650793651
2,1,56,200,381025,1032453.57142857,13,1,5,206490.714285714
1,1,60,190,1160416.66666667,2221130.95238095,12,1,4,555282.738095238
1,1,63,126,570958.333333333,1512529.76190476,15,2,4,378132.44047619
1,1,24,36,393291.666666667,1201577.38095238,15,1,4,300394.345238095
1,1,24,80,420958.333333333,1150815.47619048,7,1,3,383605.158730159
1,7,30,72,144000,513000,1,2,3,171000
2,1,54,120,513833.333333333,1616547.61904762,15,1,6,269424.603174603
1,1,50,360,201525,803667.857142857,1,2,2,401833.928571429
1,1,42,50,330333.333333333,831761.904761905,15,2,3,277253.968253968
2,1,30,72,227333.333333333,421904.761904762,1,2,1,421904.761904762
2,7,20,53,233166.666666667,882452.380952381,6,1,4,220613.095238095
2,7,30,55,342500,930500,6,1,3,310166.666666667
2,1,48,86,566833.333333333,1624976.19047619,15,1,8,203122.023809524
1,1,81,150,581983.333333333,999840.476190476,9,2,4,249960.119047619
1,1,30,120,497175,1008889.28571429,1,2,6,168148.214285714
2,1,24,150,451900,1075042.85714286,1,1,3,358347.619047619
2,1,35,380,382350,1527921.42857143,1,2,9,169769.047619048
2,5,36,90,369116.666666667,745830.952380952,1,1,2,372915.476190476
2,1,48,300,247066.666666667,986352.380952381,1,1,4,246588.095238095
2,1,56,300,377900,1103042.85714286,1,2,5,220608.571428571
2,1,48,300,479241.666666667,1535241.66666667,6,2,7,219320.238095238
2,1,12,30,142916.666666667,547488.095238095,1,0,1,547488.095238095
2,1,20,150,104750,796464.285714286,1,2,4,199116.071428571
2,6,30,300,360000,595714.285714286,1,0,1,595714.285714286
2,1,80,400,522333.333333333,1036619.04761905,1,0,3,345539.682539683
2,1,30,150,412916.666666667,1004345.23809524,1,0,5,200869.047619048
2,1,63,300,260833.333333333,646547.619047619,1,0,6,107757.936507937
2,1,80,400,379750,936892.857142857,0,0,4,234223.214285714
2,1,40,64,208916.666666667,658916.666666667,1,2,3,219638.888888889
2,1,20,80,550266.666666667,1270266.66666667,13,1,4,317566.666666667
2,1,56,150,636416.666666667,1664988.0952381,18,1,5,332997.619047619
2,1,16,48,174583.333333333,538869.047619048,1,2,3,179623.015873016
2,1,20,120,340000,1141428.57142857,12,1,4,285357.142857143
2,5,12,36,431666.666666667,1323095.23809524,5,1,3,441031.746031746
2,1,24,60,101583.333333333,521583.333333333,1,2,1,521583.333333333
2,1,48,150,428708.333333333,1135851.19047619,13,1,3,378617.063492063
2,1,24,48,321416.666666667,698559.523809524,15,2,2,349279.761904762
2,1,20,72,488166.666666667,1323880.95238095,13,1,5,264776.19047619
2,1,40,80,525833.333333333,1267261.9047619,1,2,6,211210.317460317
2,1,121,250,626750,3489607.14285714,12,1,8,436200.892857143
2,1,54,225,355558.333333333,857415.476190476,1,2,6,142902.579365079
2,1,20,270,388500,1172785.71428571,1,2,5,234557.142857143
2,1,12,120,220833.333333333,810119.047619048,9,1,3,270039.682539683
2,1,32,48,369208.333333333,909208.333333333,1,2,4,227302.083333333
2,1,48,435,728700,2405271.42857143,1,2,9,267252.380952381
2,1,15,120,141583.333333333,495154.761904762,7,2,4,123788.69047619
2,1,21,180,119166.666666667,695595.238095238,1,2,3,231865.079365079
2,1,30,500,75541.6666666667,546970.238095238,1,2,3,182323.412698413
2,1,30,600,246750,568178.571428571,1,2,3,189392.857142857
2,1,126,660,851166.666666667,2694023.80952381,1,2,8,336752.976190476
2,1,35,300,293333.333333333,1045476.19047619,1,2,2,522738.095238095
2,1,120,500,502958.333333333,2524958.33333333,7,2,8,315619.791666667
2,1,42,500,520708.333333333,1742136.9047619,1,2,5,348427.380952381
2,1,88,525,417625,1103767.85714286,1,2,7,157681.12244898
2,1,24,120,275833.333333333,1126547.61904762,1,2,5,225309.523809524
2,5,30,150,636166.666666667,1844738.0952381,12,1,2,922369.047619048
2,2,48,210,516583.333333333,1000869.04761905,13,1,3,333623.015873016
2,1,72,375,563833.333333333,2239547.61904762,7,3,8,279943.452380952
2,1,30,56,219941.666666667,644227.380952381,1,2,3,214742.46031746
2,1,108,192,706833.333333333,2374833.33333333,13,1,4,593708.333333333
2,1,30,42,261083.333333333,961369.047619048,1,2,3,320456.349206349
2,1,150,672,492333.333333333,1542333.33333333,1,2,5,308466.666666667
2,1,76,600,228083.333333333,690083.333333333,1,2,3,230027.777777778
2,1,35,300,346000,1267428.57142857,1,2,8,158428.571428571
2,1,48,575,233541.666666667,743541.666666667,1,2,5,148708.333333333
2,1,12,300,292500,1280357.14285714,1,2,3,426785.714285714
2,1,20,30,202858.333333333,841429.761904762,1,2,6,140238.293650794
2,1,40,150,471416.666666667,1899845.23809524,1,2,6,316640.873015873
2,1,54,300,499166.666666667,1744166.66666667,1,2,4,436041.666666667
2,1,24,360,607333.333333333,2150190.47619048,1,2,6,358365.079365079
2,1,108,300,624500,1815071.42857143,12,1,4,453767.857142857
2,1,42,150,535833.333333333,1077976.19047619,1,2,5,215595.238095238
2,1,28,90,217333.333333333,1265190.47619048,1,1,4,316297.619047619
2,1,35,180,214250,1244964.28571429,1,1,4,311241.071428571
2,1,28,210,128150,552435.714285714,12,1,5,110487.142857143
2,1,56,380,235250,685250,1,2,2,342625
2,1,96,800,445850,1306850,13,1,2,653425
2,1,36,200,236750,888607.142857143,1,2,3,296202.380952381
2,1,49,140,288066.666666667,772352.380952381,1,2,3,257450.793650794
2,1,60,450,466916.666666667,1253345.23809524,7,2,5,250669.047619048
1,1,30,150,163416.666666667,761273.809523809,1,1,3,253757.936507936
1,3,12,300,125916.666666667,446488.095238095,0,0,2,223244.047619048
2,1,24,300,114333.333333333,440047.619047619,9,1,3,146682.53968254
2,1,20,300,148750,516464.285714286,1,1,3,172154.761904762
2,1,56,450,484166.666666667,1223452.38095238,1,1,5,244690.476190476
2,1,12,120,66500,483928.571428571,1,1,3,161309.523809524
2,1,9,48,70333.3333333333,426047.619047619,1,1,2,213023.80952381
2,6,64,400,277000,606142.857142857,1,1,3,202047.619047619
2,1,49,800,353750,1131607.14285714,16,2,3,377202.380952381
2,1,24,400,131166.666666667,401166.666666667,1,2,1,401166.666666667
2,1,42,80,339166.666666667,872738.095238095,1,2,4,218184.523809524
2,6,100,750,164250,852107.142857143,1,2,3,284035.714285714
2,1,6,150,84416.6666666667,679273.809523809,1,1,3,226424.603174603
2,1,24,225,175000,882142.857142857,1,1,3,294047.619047619
2,1,42,375,364083.333333333,1491226.19047619,4,2,4,372806.547619048
2,1,88,360,337875,1289303.57142857,1,2,5,257860.714285714
2,1,60,120,333933.333333333,1024790.47619048,15,2,2,512395.238095238
2,1,60,180,296891.666666667,1115891.66666667,1,2,3,371963.888888889
2,1,42,300,249583.333333333,1213011.9047619,1,2,3,404337.301587302
2,1,36,100,156250,495678.571428571,1,0,1,495678.571428571
2,1,63,300,128750,715892.857142857,1,2,2,357946.428571429
2,6,36,300,399750,1959750,4,2,5,391950
2,6,42,180,330750,965035.714285714,1,2,3,321678.571428571
2,6,36,40,147916.666666667,946345.238095238,7,1,4,236586.30952381
2,1,80,240,389166.666666667,1392023.80952381,7,2,4,348005.952380952
2,1,35,260,105166.666666667,722309.523809524,6,1,2,361154.761904762
2,1,80,225,381500,940785.714285714,7,2,3,313595.238095238
2,1,15,200,73333.3333333333,581190.476190476,1,1,3,193730.158730159
2,1,16,300,59750,308321.428571429,0,0,1,308321.428571429
2,6,70,300,332083.333333333,1184940.47619048,7,2,3,394980.158730159
2,6,56,187,275416.666666667,1113273.80952381,9,2,4,278318.452380952
2,1,42,264,354583.333333333,802440.476190476,9,2,2,401220.238095238
2,6,48,375,151666.666666667,695952.380952381,0,0,3,231984.126984127
1,6,70,150,283333.333333333,960476.190476191,4,1,4,240119.047619048
1,1,60,160,348333.333333333,1462619.04761905,12,1,3,487539.682539683
1,5,42,45,352375,993946.428571429,14,1,3,331315.476190476
1,6,42,90,289166.666666667,1040880.95238095,9,1,3,346960.317460317
2,1,96,600,473333.333333333,1684047.61904762,1,2,6,280674.603174603
2,4,20,300,223000,823000,4,1,5,164600
2,1,36,225,228416.666666667,800559.523809524,1,2,4,200139.880952381
1,1,30,54,188166.666666667,563166.666666667,8,1,3,187722.222222222
1,6,42,150,118333.333333333,731190.476190476,1,2,5,146238.095238095
2,1,60,800,292083.333333333,819226.190476191,7,2,2,409613.095238095
2,1,120,900,1238350,3026350,12,1,4,756587.5
2,1,49,72,77083.3333333333,702797.619047619,1,2,3,234265.873015873
2,1,120,998,501625,1774482.14285714,12,1,5,354896.428571429
2,6,36,250,202083.333333333,849226.190476191,5,1,3,283075.396825397
2,6,34,150,99166.6666666667,866309.523809524,6,1,4,216577.380952381
2,6,42,120,258000,878142.857142857,4,2,4,219535.714285714
2,1,56,204,174583.333333333,481440.476190476,0,0,1,481440.476190476
2,1,42,180,176475,630760.714285714,1,1,2,315380.357142857
2,1,36,150,205308.333333333,725165.476190476,1,1,3,241721.825396825
2,1,48,300,309483.333333333,832769.047619048,4,2,4,208192.261904762
2,6,48,150,368816.666666667,1057102.38095238,7,2,4,264275.595238095
2,1,36,150,216625,685053.571428571,1,1,3,228351.19047619
2,1,18,425,170766.666666667,652909.523809524,1,1,2,326454.761904762
2,6,30,800,262500,842357.142857143,1,1,4,210589.285714286
2,1,56,168,434475,1169475,1,1,4,292368.75
2,1,15,35,200958.333333333,591815.476190476,1,1,2,295907.738095238
2,1,20,70,276750,796607.142857143,1,1,3,265535.714285714
2,1,42,150,383208.333333333,1041494.04761905,2,1,4,260373.511904762
2,6,70,180,319166.666666667,1018595.23809524,7,2,4,254648.80952381
1,1,66,150,1309583.33333333,2399440.47619048,9,2,5,479888.095238095
2,1,63,450,333583.333333333,1095154.76190476,18,3,4,273788.69047619
2,1,20,54,253833.333333333,792547.619047619,18,3,3,264182.53968254
2,1,54,180,469666.666666667,973238.095238095,9,3,2,486619.047619048
2,1,20,63,116375,811946.428571429,1,3,2,405973.214285714
2,6,48,770,348916.666666667,1067202.38095238,18,3,6,177867.063492064
2,1,16,128,166083.333333333,929797.619047619,1,3,6,154966.26984127
2,1,20,56,333083.333333333,1108797.61904762,9,3,3,369599.206349206
2,1,30,63,194416.666666667,826130.952380952,1,3,8,103266.369047619
2,1,72,112,278250,1368964.28571429,18,3,4,342241.071428571
1,1,102,200,1119333.33333333,2334761.9047619,13,3,5,466952.380952381
1,3,120,400,548591.666666667,1811163.0952381,9,3,4,452790.773809524
1,6,70,510,727166.666666667,1698309.52380952,1,3,3,566103.174603175
1,6,42,150,133933.333333333,658933.333333333,1,3,2,329466.666666667
2,1,60,150,734083.333333333,1536369.04761905,13,3,4,384092.261904762
2,1,45,75,1435350,2647778.57142857,7,2,2,1323889.28571429
2,1,50,225,749850,1078992.85714286,7,2,1,1078992.85714286
2,1,42,150,447916.666666667,1257916.66666667,6,3,3,419305.555555556
2,1,88,600,666333.333333333,2017190.47619048,13,1,5,403438.095238095
1,1,35,225,310916.666666667,712916.666666667,4,3,4,178229.166666667
1,5,46,300,2561666.66666667,4312380.95238095,9,2,5,862476.190476191
1,1,16,25,703666.666666667,1596809.52380952,6,1,7,228115.646258503
1,1,36,300,428333.333333333,1032619.04761905,1,3,3,344206.349206349
1,1,26,80,300208.333333333,666636.904761905,7,1,2,333318.452380952
1,1,30,150,216833.333333333,614119.047619048,6,3,3,204706.349206349
1,1,36,225,877200,1839342.85714286,1,1,4,459835.714285714
1,5,22,117,344750,1217321.42857143,9,1,4,304330.357142857
1,2,60,100,1049000,2198428.57142857,11,1,4,549607.142857143
1,1,100,100,2818558.33333333,4380701.19047619,12,1,4,1095175.29761905
2,1,56,300,473241.666666667,1077098.80952381,1,1,6,179516.468253968
2,1,54,300,281883.333333333,1260740.47619048,6,1,3,420246.825396825
2,1,56,84,3276291.66666667,4841863.0952381,14,1,8,605232.886904762
2,1,36,200,235541.666666667,603684.523809524,6,1,3,201228.174603175
2,1,39,225,526108.333333333,1241822.61904762,1,2,3,413940.873015873
2,1,20,100,141458.333333333,642886.904761905,1,1,2,321443.452380952
2,1,25,100,367916.666666667,1379345.23809524,1,2,4,344836.30952381
2,1,54,800,1425000,1890000,7,2,3,630000
2,1,25,100,129583.333333333,811011.904761905,1,2,3,270337.301587302
2,1,70,500,1827083.33333333,2748511.9047619,13,1,4,687127.976190476
2,6,56,240,201250,679535.714285714,1,3,3,226511.904761905
2,6,36,200,696666.666666667,1828095.23809524,15,2,5,365619.047619048
2,1,36,300,205416.666666667,1264845.23809524,1,2,4,316211.30952381
2,1,60,300,1389900,2987614.28571429,1,2,6,497935.714285714
2,4,42,200,231166.666666667,1016738.0952381,1,2,6,169456.349206349
2,1,20,56,332500,728071.428571429,4,1,3,242690.476190476
2,1,47,300,568783.333333333,1533069.04761905,4,2,4,383267.261904762
2,1,56,80,521250,1716964.28571429,6,1,5,343392.857142857
2,1,42,60,540416.666666667,2034845.23809524,1,2,12,169570.436507936
2,1,56,300,346083.333333333,887369.047619048,13,1,3,295789.682539683
2,1,40,70,538750,1612321.42857143,2,2,3,537440.476190476
2,6,30,300,291250,811964.285714286,1,2,3,270654.761904762
2,1,30,150,243750,805178.571428571,1,2,3,268392.857142857
2,1,42,240,263750,675178.571428571,1,2,3,225059.523809524
2,1,25,300,225416.666666667,761130.952380952,1,2,3,253710.317460317
2,1,80,360,321500,950642.857142857,1,1,8,118830.357142857
2,1,30,300,200416.666666667,508988.095238095,1,1,6,84831.3492063492
2,6,42,96,78333.3333333333,258333.333333333,1,1,2,129166.666666667
2,1,35,260,82916.6666666667,423630.952380952,1,2,5,84726.1904761905
2,4,30,260,111666.666666667,482380.952380952,2,1,3,160793.650793651
2,1,42,120,103333.333333333,662190.476190476,1,1,6,110365.079365079
2,4,50,440,281416.666666667,722845.238095238,15,3,3,240948.412698413
1,1,56,190,300583.333333333,739440.476190476,1,1,4,184860.119047619
2,1,36,300,142166.666666667,617880.952380952,1,1,3,205960.317460317
2,1,20,50,423750,1245750,1,2,4,311437.5
2,1,54,250,216250,554821.428571429,1,2,2,277410.714285714
2,1,54,100,587791.666666667,1092648.80952381,1,2,3,364216.26984127
2,1,56,450,208958.333333333,813244.047619048,1,1,6,135540.674603175
2,1,42,75,224583.333333333,788154.761904762,0,0,2,394077.380952381
2,1,63,750,213625,980767.857142857,1,2,5,196153.571428571
2,1,72,312,488000,1006571.42857143,1,2,3,335523.80952381
2,1,20,360,603750,1314750,1,2,4,328687.5
2,1,30,650,124416.666666667,398702.380952381,7,2,1,398702.380952381
2,1,35,264,335833.333333333,930690.476190476,4,2,4,232672.619047619
2,1,63,420,3881916.66666667,5671630.95238095,16,2,7,810232.993197279
2,1,40,180,90291.6666666667,398005.952380952,1,1,4,99501.4880952381
2,1,36,275,245000,822285.714285714,1,2,4,205571.428571429
2,4,150,800,4127083.33333333,5335654.76190476,7,2,5,1067130.95238095
2,1,63,600,196416.666666667,679845.238095238,1,0,2,339922.619047619
2,1,35,360,172191.666666667,540763.095238095,0,0,2,270381.547619048
2,7,33,360,224750,693178.571428571,1,1,3,231059.523809524
2,1,20,108,98866.6666666667,563438.095238095,1,1,4,140859.523809524
2,6,44,750,291583.333333333,844440.476190476,6,1,5,168888.095238095
2,1,20,240,165416.666666667,737559.523809524,18,2,5,147511.904761905
2,1,30,247,286875,839732.142857143,1,2,5,167946.428571429
2,1,54,450,271833.333333333,933976.190476191,1,2,3,311325.396825397
2,6,48,300,103708.333333333,425136.904761905,1,1,2,212568.452380952
2,1,35,345,191083.333333333,1097511.9047619,1,1,4,274377.976190476
2,1,24,120,131400,593828.571428571,1,1,4,148457.142857143
2,1,15,70,160816.666666667,773673.809523809,1,3,5,154734.761904762
2,1,16,390,152000,644428.571428571,1,3,4,161107.142857143
2,1,72,36,1525366.66666667,4053938.0952381,1,2,9,450437.566137566
2,1,54,420,207500,453928.571428571,0,0,3,151309.523809524
2,1,30,80,242250,827250,1,1,6,137875
2,1,35,96,82058.3333333333,285629.761904762,0,0,1,285629.761904762
2,1,30,70,106833.333333333,396119.047619048,1,1,1,396119.047619048
2,1,30,366,103583.333333333,337154.761904762,0,0,2,168577.380952381
2,6,42,142,129833.333333333,433261.904761905,1,2,4,108315.476190476
2,1,30,225,334583.333333333,1408154.76190476,7,2,5,281630.952380952
2,1,54,252,137250,844392.857142857,1,1,4,211098.214285714
2,1,20,300,156250,833392.857142857,2,2,5,166678.571428571
2,1,42,300,398500,925642.857142857,0,0,3,308547.619047619
2,1,30,450,123083.333333333,585940.476190476,2,2,5,117188.095238095
2,1,36,120,185333.333333333,802904.761904762,1,3,4,200726.19047619
2,6,45,90,305750,826035.714285714,1,2,7,118005.102040816
2,6,86,450,407208.333333333,1037208.33333333,1,1,5,207441.666666667
2,1,38,420,273666.666666667,1123952.38095238,1,2,4,280988.095238095
2,1,30,225,232333.333333333,845190.476190476,1,1,5,169038.095238095
2,1,150,226,976500,2253642.85714286,13,1,4,563410.714285714
2,1,48,200,267291.666666667,991148.809523809,12,1,4,247787.202380952
2,6,35,150,204166.666666667,581309.523809524,1,2,3,193769.841269841
2,1,96,448,470000,1191285.71428571,13,1,5,238257.142857143
2,1,72,360,187875,757875,1,2,3,252625
2,1,42,100,292000,1247714.28571429,1,1,4,311928.571428571
2,1,70,120,1759375,4159375,13,2,5,831875
2,1,72,280,539666.666666667,1351809.52380952,1,2,5,270361.904761905
2,1,30,600,557333.333333333,1150904.76190476,1,1,4,287726.19047619
2,1,30,90,128333.333333333,556904.761904762,1,1,4,139226.19047619
2,1,54,988,274125,678696.428571429,1,2,3,226232.142857143
2,1,30,110,271000,865000,6,1,6,144166.666666667
2,6,42,280,227958.333333333,1051672.61904762,6,1,3,350557.53968254
2,1,42,112,137083.333333333,516369.047619048,2,2,3,172123.015873016
2,1,63,135,701458.333333333,1310029.76190476,2,2,5,262005.952380952
2,1,20,70,165625,569767.857142857,2,1,3,189922.619047619
2,1,30,80,148333.333333333,598333.333333333,2,1,4,149583.333333333
2,1,68,120,598750,1220178.57142857,1,2,5,244035.714285714
2,1,70,110,255166.666666667,685452.380952381,1,0,4,171363.095238095
2,1,77,150,261225,741225,1,0,5,148245
2,1,52,96,113333.333333333,318190.476190476,1,1,4,79547.6190476191
2,1,63,142,256458.333333333,729172.619047619,1,0,4,182293.154761905
2,4,40,70,151750,488178.571428571,13,1,3,162726.19047619
2,1,35,82,166666.666666667,401095.238095238,1,0,2,200547.619047619
2,6,12,28,213833.333333333,489833.333333333,0,0,2,244916.666666667
1,1,108,270,525933.333333333,1341933.33333333,1,2,6,223655.555555556
1,6,84,150,646275,1637560.71428571,1,2,4,409390.178571429
2,1,77,108,392825,1216110.71428571,6,1,4,304027.678571429
1,6,80,100,757016.666666667,1765445.23809524,13,1,5,353089.047619048
1,1,63,108,432400,1193114.28571429,4,2,3,397704.761904762
1,6,30,48,230500,765785.714285714,9,1,2,382892.857142857
2,1,54,72,383833.333333333,1437690.47619048,1,2,4,359422.619047619
2,6,101,124,309083.333333333,1132797.61904762,1,2,4,283199.404761905
2,1,24,48,395083.333333333,967226.190476191,1,2,3,322408.73015873
2,1,63,150,610150,1436435.71428571,7,2,6,239405.952380952
2,1,48,150,270041.666666667,865755.952380952,1,3,3,288585.317460317
2,4,30,72,221750,753178.571428571,7,2,4,188294.642857143
2,1,96,150,304416.666666667,977273.809523809,1,2,5,195454.761904762
2,1,112,160,466000,1072428.57142857,1,2,3,357476.19047619
2,1,64,625,308416.666666667,786273.809523809,13,1,2,393136.904761905
2,1,63,150,306250,927678.571428571,1,2,4,231919.642857143
2,1,104,150,376666.666666667,923095.238095238,12,1,4,230773.80952381
2,1,28,72,107833.333333333,418547.619047619,1,2,3,139515.873015873
2,3,35,360,221208.333333333,675494.047619048,1,1,3,225164.682539683
2,6,46,48,119066.666666667,648780.952380952,7,2,3,216260.317460317
2,1,63,180,186083.333333333,828940.476190476,1,2,5,165788.095238095
2,1,60,96,297833.333333333,1176404.76190476,2,1,6,196067.46031746
2,1,70,400,866666.666666667,1936809.52380952,2,2,8,242101.19047619
2,2,54,150,259666.666666667,683095.238095238,1,2,2,341547.619047619
2,1,30,56,246333.333333333,847619.047619048,9,2,4,211904.761904762
2,1,28,200,221500,1020785.71428571,15,1,5,204157.142857143
2,1,90,400,465416.666666667,1206845.23809524,4,2,5,241369.047619048
2,1,90,120,187916.666666667,635773.809523809,6,1,5,127154.761904762
2,1,80,150,195583.333333333,652011.904761905,9,1,4,163002.976190476
2,1,42,100,128583.333333333,711440.476190476,1,1,5,142288.095238095
2,1,40,120,92916.6666666667,735773.809523809,1,1,4,183943.452380952
2,1,66,80,319333.333333333,970333.333333333,1,2,3,323444.444444444
2,1,78,156,550833.333333333,1595690.47619048,0,0,6,265948.412698413
2,1,84,130,611916.666666667,1412488.0952381,13,1,3,470829.365079365
2,1,48,120,281000,1202000,1,2,4,300500
2,1,36,52,152583.333333333,692583.333333333,1,2,2,346291.666666667
2,6,42,120,198583.333333333,890297.619047619,1,2,4,222574.404761905
2,1,42,84,354333.333333333,1111190.47619048,6,2,5,222238.095238095
2,6,33,103,382416.666666667,1042416.66666667,1,2,3,347472.222222222
2,1,48,120,242333.333333333,1103761.9047619,1,2,4,275940.476190476
2,1,90,264,893000,1764285.71428571,7,2,3,588095.238095238
2,1,160,520,434125,899125,1,2,3,299708.333333333
2,1,48,80,327416.666666667,1051702.38095238,9,2,4,262925.595238095
2,1,36,49,287875,668017.857142857,1,2,3,222672.619047619
2,1,80,160,370833.333333333,2140833.33333333,1,2,10,214083.333333333
2,1,60,120,543416.666666667,1346988.0952381,13,1,5,269397.619047619
2,1,40,80,128625,740625,1,2,2,370312.5
2,1,70,140,500166.666666667,1655166.66666667,1,2,7,236452.380952381
2,1,120,250,552558.333333333,1664701.19047619,1,2,5,332940.238095238
2,1,80,300,264500,631785.714285714,1,2,2,315892.857142857
